id,sentiment,text,user,label
0,positive,RT @SchudioTv: Want to know more about #autism and #anxiety? Watch this short clip below...\n\nClick here to enrol ‚û°Ô∏è https://t.co/nTSj2BRt47‚Ä¶,beyondbehaviour,anxiety
1,negative,We blame ourselves and feel worse. Start with self-compassion. We deserve it. üíú\n\n#SelfLoveIsTheBestLove #selflove‚Ä¶ https://t.co/FPYRZHdCEr,cherie7c,anxiety
2,positive,"RT @PsychiatristCNS: 130,000 patient years and the diagnostic stability of #BipolarDisorder: Study finds frequent dx shifts related to BD,‚Ä¶",ThinkNeha,anxiety
3,neutral,RT @SkypeTherapist: See a therapist online over Skype - Learn How to Overcome #Anxiety &amp; #Depression without meds. Go to: https://t.co/IMM0‚Ä¶,FrankCoulson7,anxiety
4,positive,"RT @PsychiatristCNS: 130,000 patient years and the diagnostic stability of #BipolarDisorder: Study finds frequent dx shifts related to BD,‚Ä¶",Phcourtet,anxiety
5,neutral,The onset of the #pandemic &amp; #WFH has led to an increasing number of cases of #heartburn &amp; acid reflux. Majority of‚Ä¶ https://t.co/tYHPcNjdi0,ajhospitalmng,anxiety
6,neutral,#Climate change is concerning. \n\nThese can create #climateanxiety for some people.\n\nThere are actions you can take‚Ä¶ https://t.co/2lNfzYc1S8,585Mentalhealth,anxiety
7,positive,"130,000 patient years and the diagnostic stability of #BipolarDisorder: Study finds frequent dx shifts related to B‚Ä¶ https://t.co/c8YsBvSald",PsychiatristCNS,anxiety
8,neutral,Looking for online counseling via Skype?¬†Skype counseling for help with anxiety &amp; depression. Go to:‚Ä¶ https://t.co/cjcnsOjDwd,SkypeTherapist,anxiety
9,neutral,RT @JonnyCleanPick: Just sharing my thoughtsüòä @rtArtBoost @_lgtwo @RTtheBEST #Trending #MyHeroAcademia #anxiety  #fear https://t.co/dNAkhCm‚Ä¶,TrioMinutes,anxiety
10,neutral,RT @SkypeTherapist: Looking for online therapy for panic anxiety attacks?¬†Online #Mindfulness Therapy for Overcoming Panic Attacks and Chro‚Ä¶,FrankCoulson7,anxiety
11,positive,#HYPNOTHERAPY \nSupportive Confidential Help with:\n#Anxiety #Panic #Fears #Phobias #WeightManagement\n#Childhood &amp;‚Ä¶ https://t.co/1VRNCAeZ6f,TendringMag,anxiety
12,neutral,RT @ChemicalLoche: üòç https://t.co/UroeGVrcqZ\n\nüòé #prescribedforuslove #women #chemicalloche #clothing #croptop #alloverprint #mentalhealthaw‚Ä¶,natrellabot,anxiety
13,neutral,Talk to a Buddhist Therapist Online via Skype for help recovering from #anxiety &amp; #depression using #mindfulness th‚Ä¶ https://t.co/DaSKOfyHn1,SkypeTherapist,anxiety
14,negative,"We are still inside buildings and often in small unventilated rooms ‚Ä¶ tight corridors, again unventilated  :( #covid #anxiety",Diana_Stirbu,anxiety
15,neutral,"#stress #anxiety #phobias #self-help  302 coping skills, a Stress Management Plan AND a Stress Management Kit provi‚Ä¶ https://t.co/DKHSW2m7E0",BackyardBooks,anxiety
16,positive,"Many of us are likely to feel anxious or stressed at work occasionally, however, if your anxiety is constant or inc‚Ä¶ https://t.co/wHyHcWRgCq",shawmind_,anxiety
17,neutral,Looking for online therapy for panic anxiety attacks?¬†Online #Mindfulness Therapy for Overcoming Panic Attacks and‚Ä¶ https://t.co/khgxx1t3JB,SkypeTherapist,anxiety
18,neutral,How to Deal with Workplace Stress?\n\nExploring Welfare at Work https://t.co/021NkvZjr2\n\n#stress #anxiety #depression‚Ä¶ https://t.co/jM2lyEVSnX,ProfileTreeFR,anxiety
19,positive,"RT @Kirsty832: My anxiety always makes me very self critical, so positive affirmations and self validation is something I‚Äôm learning to do‚Ä¶",KeikoSledge,anxiety
20,positive,RT @BipolarAletheia: Woke up to this email. Thanks to everyone who reached out. #mentalhealth #bipolar #anxiety #OCD https://t.co/lU9v91hejJ,StephenOWC33,anxiety
21,neutral,üòç https://t.co/UroeGVrcqZ\n\nüòé #prescribedforuslove #women #chemicalloche #clothing #croptop #alloverprint‚Ä¶ https://t.co/RiBJIE0fJP,ChemicalLoche,anxiety
22,positive,"‚ÄúI found a cure for my anxiety. It turns out, all I need is for everyone to tell me they‚Äôre not mad at me every fif‚Ä¶ https://t.co/sRifl6A6I5",DJinadev,anxiety
23,neutral,Skype Therapy using mindfulness for overcoming #Anxiety and #Depression and #Addiction without depending on drugs.‚Ä¶ https://t.co/nRQRjG9hm1,SkypeTherapist,anxiety
24,neutral,#MentalHealthMatters\n#Mentalhealth #Therapy #Psychotherapy #Therapist #Anxiety #Visitmhp #terriblytinytales #TTT https://t.co/YJKtGRnDHm,purohit_sanjna,anxiety
25,positive,"RT @BravoEmpath: Is this the most #MentalHealth +ve\n #BelowDeck Crew?\n#Anxiety\n@KatieFlood25: Conflict,Amicability\n@Mathewshea: Confidence,‚Ä¶",BravoEmpath,anxiety
26,neutral,Counseling via Skype.¬†Online Mindfulness Therapy for overcoming #anxiety &amp; #depression without depending on drugs.‚Ä¶ https://t.co/zDNIyooB5y,SkypeTherapist,anxiety
27,neutral,Not sure I'm at the point of it being thrilling just yet.\n\n#anxiety #ptsd #traumarecovery #narcissisticabuse #cptsd‚Ä¶ https://t.co/1adUgFBSgg,thelindam,anxiety
28,neutral,Get $hit Done.\n#S3E3 #Sethi3 #S3  \n1. Power of Deadline\n2. Don't Try to Change - Change Props\n3. Works if you Like‚Ä¶ https://t.co/ZkIpUxVDiK,theSethi,anxiety
29,negative,Going Back To School can be scary for both children and parentsüò®\n\nWe have created a handbook with information and t‚Ä¶ https://t.co/WJXPXl5tQc,BreakTheMouldGB,anxiety
30,positive,RT @SerialPillock: We're doing so much damage they threw the whole budget at us!!! :S \n\nhttps://t.co/A4dQWgK9xe #anxiety #depression #autis‚Ä¶,RealDrCollision,anxiety
31,positive,RT @SerialPillock: We're doing so much damage they threw the whole budget at us!!! :S \n\nhttps://t.co/A4dQWgK9xe #anxiety #depression #autis‚Ä¶,BlazedRTs,anxiety
32,neutral,RT @BlassPam: https://t.co/r826S7BOV7\n\n#WeightedBlanket 4kg for #Children #kids #therapy #anxiety #Autism #Sensory #insomnia #stressrelief‚Ä¶,andrewmorrisuk,anxiety
33,positive,We're doing so much damage they threw the whole budget at us!!! :S \n\nhttps://t.co/A4dQWgK9xe #anxiety #depression‚Ä¶ https://t.co/27qEDSy6kN,SerialPillock,anxiety
34,positive,If you struggle with #anxiety.... How to Calm Yourself with a Few Choice Steps to Help Ease Anxiety - via‚Ä¶ https://t.co/2aqa1qTp5v,sandypeckinpah,anxiety
35,neutral,Just a reminder‚Ä¶\n\n(This ones a big one for me too).\n\nCodependency and hyperindependence are two extremes. Extremes‚Ä¶ https://t.co/9f767oWk1i,Eclecticakemix,anxiety
36,neutral,Online Psychotherapy for #Anxiety https://t.co/BGKHJYbUjF,SkypeTherapist,anxiety
37,positive,SOCIAL ANXIETY\n.\n.\n.\n#Art #artshare #Anxiety #MentalHealthMatters https://t.co/aBT537pf9j,_leilorenzo,anxiety
38,neutral,RT @CBSCIC: Motivational Monday #MondayMorning       #MondayMotivation   #SEND     #parenting      #carers  #MondayVibes       #anxiety‚Ä¶,PinnacleAppsLtd,anxiety
39,positive,RT @TT_Bounce: New @bouncetogether content alert! We now have 8 specific surveys covering stress &amp; anxiety.  This is very timely in the cur‚Ä¶,bouncetogether,anxiety
40,neutral,https://t.co/r826S7BOV7\n\n#WeightedBlanket 4kg for #Children #kids #therapy #anxiety #Autism #Sensory #insomnia‚Ä¶ https://t.co/ndQlfUMcGy,BlassPam,anxiety
41,neutral,#psychodermatology encompasses all conditions involving the #mind and #skin.Relationship between #cutaneous &amp;‚Ä¶ https://t.co/6zKY96pt9T,skinbody2021,anxiety
42,negative,"Depression, bipolar disorder, and anxiety share a common gut bacteria \n@KingsCollegeLondon #Depression #Anxiety‚Ä¶ https://t.co/gGaZWep6pi",TechExplorist,anxiety
43,neutral,RT @CECounsellor: What is Emotional Intensity Disorder? \nEmotional Unstable Personality Disorder (EUPD) or\nBorderline Personality Disorder‚Ä¶,Therapists_C,anxiety
44,neutral,Skype Therapist for #Anxiety and #Depression online. See: https://t.co/5WjxvQCxf5 #onlinetherapy #onlinetherapist,SkypeTherapist,anxiety
45,negative,"#Depression, bipolar disorder, and #anxiety share a common gut bacteria https://t.co/rWcFI0QbSo",amit_malewar,anxiety
46,negative,Can anyone give me ideas of what to draw rn? I am currently having a small anxiety attack and I need to distract my‚Ä¶ https://t.co/hhTzyeWSAr,edgy_official,anxiety
47,positive,We sell all products drugs\n#drugs #codeine #health #california #tramadol #uk #dankofengland #love #art #medicine‚Ä¶ https://t.co/YUFx0iSFJc,Julie17458210,anxiety
48,neutral,Looking for online therapy over Skype?\n\nTalk to a Therapist Online over Skype for help with #Anxiety and‚Ä¶ https://t.co/63RsqU006u,SkypeTherapist,anxiety
49,positive,RT @wofsy_stacy: Sound ‚¨ÜÔ∏è #LosingMyself by #JordanWofsy out now on all music platforms! #ocd #anxiety #nvld #newartist #newsong #songwriter‚Ä¶,hazelme19,anxiety
50,neutral,RT @AnxietyPath: https://t.co/243sOh8pZ6\n\n#anxiety #anxietydisorders #depression #phobia #recovery #mentalhealth #mh #BehaviorModification‚Ä¶,bria025,anxiety
51,positive,WANT TO GET BETTER FROM #OCD AND #anxiety ??\n\nüî•You have to WATCH OUR DAILY #YouTube VIDEOSüî•\n\nClick on the link to s‚Ä¶ https://t.co/QiLrM6mMYG,OCDRehabilitat1,anxiety
52,neutral,RT @vegan_raven: #MentalHealthAwareness #MentalHealthMatters #anxiety #depression #stressmanagement #Help #SupportSmallStreamers #Emmys2021‚Ä¶,Streamer_Boost,anxiety
53,neutral,"RT @i_am_Asma_Aslam: Peak pressure moments are riddled with #anxiety that leaders need to manage, not #ignored \n\nhttps://t.co/OHtUUdRKfl\n\n@‚Ä¶",InnovGaragePk,anxiety
54,neutral,RT @vegan_raven: #MentalHealthAwareness #MentalHealthMatters #anxiety #depression #stressmanagement #Help #SupportSmallStreamers #Emmys2021‚Ä¶,GrowURStream,anxiety
55,neutral,Online Counseling for #Anxiety https://t.co/eNRGaLxFqy¬†#anxietytreatment #anxietytherapy #anxietyhelp‚Ä¶ https://t.co/2G3kEHn1QU,SkypeTherapist,anxiety
56,negative,RT @CruseCare: It's completely normal to find yourself feeling anxious or worried after the death of someone close. üíú\n\n#Anxiety can feel di‚Ä¶,YorkCruse,anxiety
57,neutral,RT @LEAD_Coalition: Please re-Tweet to raise awareness about #panic attacks.\n\n(image via @BelievePHQ) #health #mentalhealth #stress #anxiet‚Ä¶,LucyProsser,anxiety
58,positive,"RT @o_franco_aleman: Your #anxiety might have represented a crushing faith\nor a character assassination, my own or someone else's.\nOr a lac‚Ä¶",Alisazvezdica99,anxiety
59,positive,Invest in your Health to ultimately gather Wealth!\n\nVisit our website for more details\nhttps://t.co/49nQgNIhKg‚Ä¶ https://t.co/TC2KVIZTJ0,Brotaindiherbs,anxiety
60,positive,"We spend a lot of time at school, so it's no surprise that our happiness levels at school have a huge impact on our‚Ä¶ https://t.co/dlsx1BGqv9",health_yp,anxiety
61,neutral,What Does Your Blood Type Say About Your Personality?\nhttps://t.co/vulngthPie \n#tagfire #lifestyle #health #life‚Ä¶ https://t.co/HUshfjnBP7,StayHealthy07,anxiety
62,positive,Woke up to this email. Thanks to everyone who reached out. #mentalhealth #bipolar #anxiety #OCD https://t.co/lU9v91hejJ,BipolarAletheia,anxiety
63,positive,New @bouncetogether content alert! We now have 8 specific surveys covering stress &amp; anxiety.  This is very timely i‚Ä¶ https://t.co/awm9VOY0zu,TT_Bounce,anxiety
64,neutral,#MentalHealthAwareness #MentalHealthMatters #anxiety #depression #stressmanagement #Help #SupportSmallStreamers‚Ä¶ https://t.co/oyREkLrzPn,vegan_raven,anxiety
65,positive,RT @SkinOnlineBlog: 3 HAPPY HORMONES\n1. Endorphins which from exercise reduce pain &amp; induce euphoria\n2. Serotonin to regulate your mood &amp; p‚Ä¶,SkinOnlineBlog,anxiety
66,neutral,#godsword #humility #anxiety #fear #worry @auburnu @hooverbucsathletics @ Clinic for Vision https://t.co/5sf39QXt13,au4burnKate,anxiety
67,neutral,"RT @i_am_Asma_Aslam: Peak pressure moments are riddled with #anxiety that leaders need to manage, not #ignored \n\nhttps://t.co/OHtUUdRKfl\n\n@‚Ä¶",ImJattala,anxiety
68,negative,RT @TodayBeKind: EMMERDALE star Danny Miller @DannyBMiller who plays bad boy Aaron Dingle has opened up to fans on #SocialMedia to discuss‚Ä¶,Awarding_Women,anxiety
69,positive,RT @SchudioTv: Want to know more about #autism and #anxiety? Watch this short clip below...\n\nClick here to enrol ‚û°Ô∏è https://t.co/nTSj2BRt47‚Ä¶,GIFTpeer_haven,anxiety
70,negative,"#ErectileDysfunction is common in men over 40. It's usually nothing to worry about &amp; is often due to #stress,‚Ä¶ https://t.co/QGlmUgBwG2",pschemist,anxiety
71,positive,Online Therapist Specializing in #Anxiety Disorders.¬†Contact me. Most people see huge improvements after 3-4 Skype‚Ä¶ https://t.co/aeA5DlaXvx,SkypeTherapist,anxiety
72,neutral,"What are the basic signs of experiencing #depression, and how severe can it get?  #mentalhealth #depressionsupport‚Ä¶ https://t.co/y0V37wMznk",Altuslifesci,anxiety
73,neutral,RT @JonnyCleanPick: Just sharing my thoughtsüòä @rtArtBoost @_lgtwo @RTtheBEST #Trending #MyHeroAcademia #anxiety  #fear https://t.co/dNAkhCm‚Ä¶,RoseMarianFinn1,anxiety
74,positive,RT @SchudioTv: Want to know more about #autism and #anxiety? Watch this short clip below...\n\nClick here to enrol ‚û°Ô∏è https://t.co/nTSj2BRt47‚Ä¶,ReachoutASC,anxiety
75,positive,Online Therapist for the treatment of #Anxiety available Now!\nGo to: https://t.co/3fj7AERb9i #anxietytherapy #anxietyhelp,SkypeTherapist,anxiety
76,positive,"Personally, I found this an excellent read for my anxiety. ‚ÄòThe anxiety solution is your roadmap to a calmer, happi‚Ä¶ https://t.co/SWnYYF5pQj",LucyProsser,anxiety
77,negative,RT @TodayBeKind: High functioning #anxiety is a hidden problem. People don‚Äôt understand the daily struggles. Pass it on to enlighten others‚Ä¶,Awarding_Women,anxiety
78,neutral,11 Ways Your Nutritional Needs Change As You Age https://t.co/j1WFWJlj00\n#health #healthcare #life #lifestyle‚Ä¶ https://t.co/q4pumCnmL7,HealthyandFitn8,anxiety
79,positive,18 Useful Tips for Healthy Teeth And Gums\nhttps://t.co/xlyL1jABQF\n#health #healthcare #life #lifestyle #fitness‚Ä¶ https://t.co/QNYZ4aFV3G,HealthyandFitn8,anxiety
80,neutral,RT @dlhampton: How Trauma Can Damage the #Brain for Generations and Can Be Reversed https://t.co/xen9YbAURw\n\n#Epigenetics is proving that #‚Ä¶,john_siracusa,anxiety
81,neutral,RT @vetmindmatters: Join us today at 12:30pm for the final webinar in our summer series.\n\nToday we're going to be exploring #phobias - a co‚Ä¶,thewebinarvet,anxiety
82,neutral,It is. Hormonal fluctuations affect the neurotransmitters in the brain. This drop in estrogen and #progesterone lev‚Ä¶ https://t.co/oBhlm7YFXC,iameno_health,anxiety
83,positive,Want to know more about #autism and #anxiety? Watch this short clip below...\n\nClick here to enrol ‚û°Ô∏è‚Ä¶ https://t.co/MBVRRpGjqZ,SchudioTv,anxiety
84,neutral,Psychotherapy through Skype to Overcome #Anxiety and #Depression. Go to: https://t.co/2FZeDbYItc¬†#onlinetherapy‚Ä¶ https://t.co/wgiih1gJfd,SkypeTherapist,anxiety
85,neutral,Join us today at 12:30pm for the final webinar in our summer series.\n\nToday we're going to be exploring #phobias -‚Ä¶ https://t.co/22l2A7n8ed,vetmindmatters,anxiety
86,positive,"RT @o_franco_aleman: Your #anxiety might have represented a crushing faith\nor a character assassination, my own or someone else's.\nOr a lac‚Ä¶",57Sergeeva,anxiety
87,positive,RT @Angie_therapist: Do not set aside your happiness. Do not wait to be happy in the future. The best time to be happy is always now. - Roy‚Ä¶,140promotions,anxiety
88,negative,RT @TodayBeKind: High functioning #anxiety is a hidden problem. People don‚Äôt understand the daily struggles. Pass it on to enlighten others‚Ä¶,MorgCarneyx,anxiety
89,neutral,Upcoming C.G. Jung webinars:\n\nhttps://t.co/mHzpBx8H7x\n\n #psychotherapy #counselling #mentalhealth #counseling‚Ä¶ https://t.co/tjPgjsAD3h,schuepf,anxiety
90,neutral,"‡∂¢‡∂Ç‡∂ú‡∂∏ ‡∂Ø‡∑î‡∂ª‡∂ö‡∂≠‡∂±, tab ‡∑Ñ‡∑ù ‡∂¥‡∂ª‡∑í‡∂ú‡∂´‡∂ö ‡∂¥‡∂Ø‡∂±‡∂∏‡∑ä ‡∑Ä‡∑ì ‡∂á‡∂≠‡∑í ‡∑É‡∂∏‡∑è‡∂¢ ‡∂∏‡∑è‡∂∞‡∑ä‚Äç‡∂∫ ‡∂ö‡∑ä‚Äç‡∂ª‡∑í‡∂∫‡∑è‡∂ö‡∑è‡∂ª‡∂ö‡∂∏‡∑ä ‡∑É‡∑Ñ ‡∂∏‡∑è‡∂±‡∑É‡∑í‡∂ö ‡∑É‡∑û‡∂õ‡∑ä‚Äç‡∂∫‡∂∫ ‡∂¥‡∑í‡∂Ω‡∑í‡∂∂‡∂≥ ‡∂ú‡∑ê‡∂ß‡∂Ω‡∑î ‡∂Ö‡∂≠‡∂ª ‡∂¥‡∑ê‡∑Ñ‡∑ê‡∂Ø‡∑í‡∂Ω‡∑í ‡∑É‡∂∂‡∂≥‡∂≠‡∑è‚Ä¶ https://t.co/T9emrlbbm3",nadun_don,anxiety
91,neutral,Skype Therapist for #Anxiety and #Depression. Contact me if you are looking for online psychotherapy. See: https://t.co/j5Km8BMYhZ,SkypeTherapist,anxiety
92,negative,"RT @ap_eastsussex: Please Give Me Space Badge Pin, Social Distancing Badge, 32mm, #Vaccinated, NHS, Covid, Social #Anxiety, #Autism, Mental‚Ä¶",andrewmorrisuk,anxiety
93,negative,"RT @ap_eastsussex: Please Give Me Space Badge Pin, Social Distancing Badge, 32mm, #Vaccinated, NHS, Covid, Social #Anxiety, #Autism, Mental‚Ä¶",karimaDivine,anxiety
94,positive,RT @FirstPersonCIC: The Resilient Minds Programme - Week 4\n\nFantastic day working with our wonderful new friends! This week was all about #‚Ä¶,CF_Merseyside,anxiety
95,neutral,Talk to a Therapist Online via Skype for help overcoming #anxiety &amp; #depression. See:¬†https://t.co/Npam1Detk2¬†‚Ä¶ https://t.co/Q59H21Szn4,SkypeTherapist,anxiety
96,positive,RT @ROBBIEOfficial3: New song called #NoLonger #anxiety  #depression follow me on all platforms;) https://t.co/HkldyEgQWm,MANDEELOVETHEOG,anxiety
97,positive,RT @mccruddenm: Is #drake talking about his ex #rihanna who is now dating #asaprocky on his new song #having our way‚Äù with #migos https://t‚Ä¶,bajalimon,anxiety
98,positive,"#Welcome to #WhiteSuit September\n\nThe easy, breezy, definitely-after-Labor Day white suit is #having a #heck of a m‚Ä¶ https://t.co/7TAlHKCNBj",MySmallStoreMN,anxiety
99,positive,‡πÅ‡∏Ñ‡πà‡∏°‡∏µ - ‡∏û‡∏•‡∏û‡∏•„ÄêOFFICIAL MV„Äë https://t.co/814NZJt7qB via @YouTube #i #feel #relieved #just #having #you #and #me #love‚Ä¶ https://t.co/hrLspibfl5,auhaoohh,anxiety
100,neutral,#NOW #IMAGINE #PRIVATE #FEDS #HAVING #TAX #POLICE #AKA @IRS #FOR #NIGGAS @BBC,F9FALCON1,anxiety
101,positive,#having your own #popcorn at the #movies https://t.co/ZKaqbAG25R,gobunnygibson,anxiety
102,neutral,#„Ç∞„Ç¢„Éê \n#Ëä≠Ê®Ç „Å®„Çè„Åã„Å£„Åü„ÅÆ„Åß„ÇÇ„ÅÜ‰∏ÄÂõûË¶≥„Å´Ë°å„Åç„Åæ„Åó„Åü„ÄÇ\n\n„ÅäËÖπÁ©∫„ÅÑ„Åü‚Ä¶\n#ËÇöÂ≠êÈ§ì \n\n#x100t \n#Ê≤ñÁπ© \n#instagram \n\n#having #feelspecial https://t.co/j4x71WzwVv,codachie,anxiety
103,neutral,https://t.co/j08nOqCVDO \n#grocery #store #grocerystore #shopping #groceryshopping #stores #grocerystores #today‚Ä¶ https://t.co/W21YFULnkn,mohaideen1978,anxiety
104,neutral,Yo! Me and my bro Pomp #having a blast! Check it out.\n\nhttps://t.co/YTTB9CmNwV\n#ETH #sustainable #CATX,crypto_returns,anxiety
105,neutral,Silver Birch was a spirit guide who spoke through Maurice Barbanell\n#spirit #spiritualism #silverbirch #message‚Ä¶ https://t.co/8c4gL9dN0w,miyoshi5971,anxiety
106,neutral,RT @HamsonHelp: ##Having a last minute work you need help with? Dm us for help\n#Paper\n#python\n#homework\n#Onlineclass\n#Essaypay\n#Econometric‚Ä¶,BotFemale,anxiety
107,neutral,RT @HamsonHelp: ##Having a last minute work you need help with? Dm us for help\n#Paper\n#python\n#homework\n#Onlineclass\n#Essaypay\n#Econometric‚Ä¶,Bills_Bot,anxiety
108,neutral,RT @HamsonHelp: ##Having a last minute work you need help with? Dm us for help\n#Paper\n#python\n#homework\n#Onlineclass\n#Essaypay\n#Econometric‚Ä¶,xaelbot,anxiety
109,neutral,RT @HamsonHelp: ##Having a last minute work you need help with? Dm us for help\n#Paper\n#python\n#homework\n#Onlineclass\n#Essaypay\n#Econometric‚Ä¶,chidambara09,anxiety
110,neutral,RT @HamsonHelp: ##Having a last minute work you need help with? Dm us for help\n#Paper\n#python\n#homework\n#Onlineclass\n#Essaypay\n#Econometric‚Ä¶,DeveloperBot_v1,anxiety
111,neutral,RT @HamsonHelp: ##Having a last minute work you need help with? Dm us for help\n#Paper\n#python\n#homework\n#Onlineclass\n#Essaypay\n#Econometric‚Ä¶,ServerlessFan,anxiety
112,neutral,##Having a last minute work you need help with? Dm us for help\n#Paper\n#python\n#homework\n#Onlineclass\n#Essaypay‚Ä¶ https://t.co/oGA1sYrpps,HamsonHelp,anxiety
113,positive,#peaceful\n#concerned\n#having\n#more\n#less https://t.co/nHbspsFRtQ,nelofersays,anxiety
114,neutral,ÂÆâÈáå„Å´Âêë„Åã„ÅÜÈÄî‰∏≠Ë¶ã„Å§„Åë„Åü„ÄÅ„Åì„Çå„ÅØÁÑ°Ëä±Êûú„ÅÑ„Å°„Åò„ÅèÔºü\n\nÊíÆ„Å£„Åü„Å†„Åë„Åß„ÄÅ\nÂèñ„Å£„Å¶„Å™„ÅÑ„Åß„Åô„Çà„ÄÇ\n\nÂπ≤„Åó„Ç§„ÉÅ„Ç∏„ÇØ\nÂ•Ω„Åç„Åß„Åô„ÄÇ\n\n#x100t \n#instagram \n#fig \n\n#having #feelspecial https://t.co/6XERthNMDs,codachie,anxiety
115,positive,u think if i blow up their phone they‚Äôll take me back lol? #having #doubts,gnarIyboyz,anxiety
116,neutral,RT @HamsonHelp: #Having a last minute work you need help with? Dm us for help\n#Paper\n#python\n#homework\n#Onlineclass\n#Essaypay\n#Econometrics‚Ä¶,botfordev,anxiety
117,neutral,RT @HamsonHelp: #Having a last minute work you need help with? Dm us for help\n#Paper\n#python\n#homework\n#Onlineclass\n#Essaypay\n#Econometrics‚Ä¶,AzuerBot,anxiety
118,neutral,RT @HamsonHelp: #Having a last minute work you need help with? Dm us for help\n#Paper\n#python\n#homework\n#Onlineclass\n#Essaypay\n#Econometrics‚Ä¶,Bills_Bot,anxiety
119,neutral,RT @HamsonHelp: #Having a last minute work you need help with? Dm us for help\n#Paper\n#python\n#homework\n#Onlineclass\n#Essaypay\n#Econometrics‚Ä¶,xaelbot,anxiety
120,neutral,RT @HamsonHelp: #Having a last minute work you need help with? Dm us for help\n#Paper\n#python\n#homework\n#Onlineclass\n#Essaypay\n#Econometrics‚Ä¶,ServerlessFan,anxiety
121,neutral,#Having a last minute work you need help with? Dm us for help\n#Paper\n#python\n#homework\n#Onlineclass\n#Essaypay‚Ä¶ https://t.co/LqQlksxb0U,HamsonHelp,anxiety
122,positive,RT @SandraL05001448: #having a wonderful time https://t.co/8LrmTHKBCP,SandraL05001448,anxiety
123,neutral,RT @TeacupPh: #We #are #all #fed #up #that #we #are #still #having #signal #problems #Fiona #is #especially #unimpressed üê∂üòÉü§óüòçü•∞‚ù§Ô∏èüôÇüëç\n#dogs #d‚Ä¶,SummerBreezeUS,anxiety
124,neutral,RT @TeacupPh: #We #are #all #fed #up #that #we #are #still #having #signal #problems #Fiona #is #especially #unimpressed üê∂üòÉü§óüòçü•∞‚ù§Ô∏èüôÇüëç\n#dogs #d‚Ä¶,HatsundHorns,anxiety
125,neutral,RT @TeacupPh: #We #are #all #fed #up #that #we #are #still #having #signal #problems #Fiona #is #especially #unimpressed üê∂üòÉü§óüòçü•∞‚ù§Ô∏èüôÇüëç\n#dogs #d‚Ä¶,RichardVero,anxiety
126,neutral,#We #are #all #fed #up #that #we #are #still #having #signal #problems #Fiona #is #especially #unimpressed üê∂üòÉü§óüòçü•∞‚ù§Ô∏èüôÇ‚Ä¶ https://t.co/8aTJFlkAeQ,TeacupPh,anxiety
127,positive,Creativity is intelligence having fun Albert Einstein physicist.\n\nFor more details : https://t.co/B9vLhCIJef‚Ä¶ https://t.co/4H0bWS4U8K,business_sight,anxiety
128,negative,#having #bad #day \nhttps://t.co/8mYP2ZRyBY\n#iFunny https://t.co/rksNJ2YIqp,Craigcraig290,anxiety
129,neutral,@ChaseMasta Are you #having,sonredman13,anxiety
130,neutral,#having,kristeneatssoap,anxiety
131,neutral,Iran is a MONTH away from having enough uranium to build nuclear bomb... https://t.co/c31y2kSG7D #iran #is #a‚Ä¶ https://t.co/KwmygByj0o,AnyPollApp,anxiety
132,negative,"Although having too small a space has a negative impact on your business, having too big of a space can hurt as well. #Having",BusinessFF_com,anxiety
133,positive,#tuesday #b #like #we #b #having #fun making #üíµ #üí∞ #üè¶ #best #carwash #supply #store in #planet #earth the next one‚Ä¶ https://t.co/fD2vhhBmPI,WASHSHINE1,anxiety
134,positive,#tuesday #b #like #we #b #having #fun making #üíµ #üí∞ #üè¶ #best #carwash #supply #store in #planet #earth the next one‚Ä¶ https://t.co/FX01PGdLQm,WASHSHINE1,anxiety
135,positive,#tuesday #b #like #we #b #having #fun making #üíµ #üí∞ #üè¶ #best #carwash #supply #store in #planet #earth the next one‚Ä¶ https://t.co/rAAvODzJMh,WASHSHINE1,anxiety
136,positive,#tuesday #b #like #we #b #having #fun making #üíµ #üí∞ #üè¶ #best #carwash #supply #store in #planet #earth the next one‚Ä¶ https://t.co/ZQrcb350c1,WASHSHINE1,anxiety
137,neutral,#Having workers rights reduced to lowest possible is what #Brexiters  voted for. They are to blame for #Tory party‚Ä¶ https://t.co/0JvYQM1KCp,az0zone,anxiety
138,neutral,Having a random teammates in nba2k Parkmode like  that preson don't care about winning at all he basic  help out th‚Ä¶ https://t.co/KqSPR5WR4X,genegene420,anxiety
139,positive,#having #fun #with #statues #pictime https://t.co/pBadLWIzjp,stickerheadwrap,anxiety
140,neutral,‰ªäÂ§©ÁöÑÂçàÈ§ê\nÂæàÂ•ΩÂêÉüòã\nÂ•ΩÂπ∏Á¶è„Äúüòç\n\n#x100t \n#melimelonaha \n#Ê≤ñÁπ© \n#ÂçàÈ§ê \n#ÁæéÈ£ü\n#instagram \n\n#having #feelspecial Â†¥ÊâÄ: M√©liM√©lo Caf√© https://t.co/z4lsXRsTsb,codachie,anxiety
141,neutral,"Êó•Êú¨ÊôÇ‰ª£„ÅÆÂª∫Áâ©„Åã‚Ä¶„Å®Ë¶ã„Åæ„Åî„ÅÜÈùí„ÄÇÂàù„ÇÅ„Å¶„ÅÆÈÅì„ÅßË¶ã„Åã„Åë„Å¶È´òÈõÑ„Å´Â∏∞„Çä„Åü„ÅÑÊ∞óÊåÅ„Å°„Å´Âøú„Åà„Å¶Áèæ„Çå„Åü„ÅÆ„Åã„ÇÇ„Å≠„ÄÇ\n\n#Êó•Êú¨ÊôÇ‰ª£Âª∫ÁØâ \n#Ê≤ñÁπ© \n#x100t \n#instagram \n\n#having #feelspecial Â†¥ÊâÄ: Naha,‚Ä¶ https://t.co/8lyoKMAHwN",codachie,anxiety
142,negative,Life is so hard when ur boyfriend doesn‚Äôt like seafood‚Ä¶#having #regrets,peepmyonlyfans,anxiety
143,positive,#Schoolgirls #having #fun in the locker #room https://t.co/7qIVWJ9u8u,AnnaxxHot,anxiety
144,positive,RT @Caribbeanbrass: #tropisch #entertainment #toernooi #tv #naarden #caribbeanbrass.com  #having #fun #saturday https://t.co/Q0k1tjuAsC,PowercutMusic,anxiety
145,neutral,We so #GoodGirls that we #TrickDaddy #bots into #thinking we #BotSociety \n\n#WeLoveYouAll  \n@kumailn  \n\n@MartinStarr‚Ä¶ https://t.co/QG8708lCkE,SteveHa13879036,anxiety
146,neutral,Would you like to be part of our flagship event taking place this November? #Bepartoftheevolution and #collaborate‚Ä¶ https://t.co/BL1hfwWzo7,ssforumuk,anxiety
147,neutral,RT @Monika_Aurumind: Educating the mind without educating the heart is no education at all ~ Aristotle\nAurum Wisdom by @Monika_Aurumind \n\n#‚Ä¶,Monika_Aurumind,anxiety
148,neutral,#Think #Thinking #malda How did ‚ÄòWhat #Bengal thinks today rest of #India thinks #tomorrow' land as a #dustbin case‚Ä¶ https://t.co/uYCTKAe6RJ,gWoodi,anxiety
149,positive,"If you are bored, here is another daily Chess Puzzle for you. White to win in only 2 moves. Solve it now on‚Ä¶ https://t.co/cjf6aJzFY8",ChessDuo,anxiety
150,negative,"Just like Chess, Poker also has real educational benefits - it's a highly complex, strategic &amp; cerebral game!‚Ä¶ https://t.co/uHxAmO9cs3",IndianFedPoker,anxiety
151,neutral,"RT @ZukunftDigital: üé§ In unserer bereits 17. Podcast-Folge, geht es um das spannende Thema #Design #Thinking. Elisabeth Stein vom Frauenhof‚Ä¶",HH_KompZentrum,anxiety
152,neutral,Boss is Boss. No male or female Gender to it. \nEntrepreneur is an Entrepreneur. Don't add male and female Wonder to‚Ä¶ https://t.co/TX0qAMKEoK,kumar_hp,anxiety
153,positive,"Yuk, ikut berperan dalam kesehatan dimulai dari kebiasaan baik dalam dirimu!\n\nüìû More Info:\n(WA) \n0818-0678-5497 (Na‚Ä¶ https://t.co/KaoIH8sSuk",youthpedIndo,anxiety
154,neutral,"RT @manabduch: Education is not the learning of the facts, but the training of the mind to think.\n\n- Albert Einstein\n\n#Dailyquote #brainyqu‚Ä¶",cuethehumans,anxiety
155,positive,FREE THOUGHT CONSULTATION Relationships Monday \n‚ù§ü§ç‚ù§ü§ç‚ù§ü§ç‚ù§ü§ç‚ù§ü§ç\nWant to guarantee your child's success by thinking the r‚Ä¶ https://t.co/F6AlNYacxf,NTM_UK,anxiety
156,positive,#thoughtoftheday #thoughts #thinking #BeDifferent #MotivationalQuotes #motivation #inspirational #inspire https://t.co/vGjaqcnhSr,ahiddendream,anxiety
157,positive,RT @Mr_Dani_Khan07: Please Like.Follow #feeling #love #life #happy #feelings #music #like #art #follow #instagood #quotes #instagram #mood‚Ä¶,coolnatureshots,anxiety
158,positive,RT @Mr_Dani_Khan07: Please Like.Follow #feeling #love #life #happy #feelings #music #like #art #follow #instagood #quotes #instagram #mood‚Ä¶,RadiozityMusic,anxiety
159,positive,Please Like.Follow #feeling #love #life #happy #feelings #music #like #art #follow #instagood #quotes #instagram‚Ä¶ https://t.co/hvXIymx9Nw,Mr_Dani_Khan07,anxiety
160,positive,RT @Evie_Hourglass: I #Think - #Positive #Thinking #iPhone12 #Case https://t.co/Pcfj6kqxiv via @zazzle  #zazzlemade #zazzle #encouragement‚Ä¶,CoolMustHaves,anxiety
161,neutral,RT @BrainyQuote: Thinking: the talking of the soul with itself. - Plato https://t.co/kDJjoBIKLm #brainyquote #QOTD #thinking #soul,ShamlyUmar,anxiety
162,neutral,RT @besdakikadamat1: #Hayƒ±rlƒ±Haftalar #pazartesi #mathematics #satexam #actexam #mathteacher #teachmath #study #riddle #thinking #learning‚Ä¶,besdakikadamat1,anxiety
163,positive,Not been here for a while. So relaxing and peaceful #miltonkeynes #lovemk #walking #thinking #relaxing https://t.co/HWqtGlNJ1Q,Nirajwriter,anxiety
164,positive,"RT @kingsolomonferb: #dressing, #acting, #behaving, #thinking, #speaking, #walking üëó like an #European #certainly doesn't make u 1! #few #b‚Ä¶",kingsolomonferb,anxiety
165,positive,"#dressing, #acting, #behaving, #thinking, #speaking, #walking üëó like an #European #certainly doesn't make u 1! #few‚Ä¶ https://t.co/2iy9EE2iK1",kingsolomonferb,anxiety
166,neutral,#thinking https://t.co/fTFB7f7bcE,ackrmncl,anxiety
167,negative,"I'm always afraid of loosing the people I have, but sometimes I ask myself, is there anyone who is afraid of loosin‚Ä¶ https://t.co/Nq82MnNTzI",NehaGup69662257,anxiety
168,positive,What this #country needs is a giant #social #media campaign where #critical #reasoning is taught! Think Sesame Stre‚Ä¶ https://t.co/Dp69NvCRQQ,Nand082,anxiety
169,neutral,"RT @manabduch: Education is not the learning of the facts, but the training of the mind to think.\n\n- Albert Einstein\n\n#Dailyquote #brainyqu‚Ä¶",smile91113144,anxiety
170,neutral,eu acho que eu conhe√ßo um deles... #thinking https://t.co/qBqbmOEsNv,kiniex,anxiety
171,positive,Acceptance is the road to all the positive change.\n‚ù§Ô∏è\n\n.\n\n.\n\n.\n\n#acceptance #system #family #society #awarness‚Ä¶ https://t.co/dG7rs0bGfs,harkirat_dr,anxiety
172,positive,RT @marshawright: ü§© Wanna revamp your #affirmations?\n\nLook through the #ThinkBIGSundayWithMarsha for real #motivation\n\nRemember to send Pos‚Ä¶,pittman_nairobi,anxiety
173,neutral,"Education is not the learning of the facts, but the training of the mind to think.\n\n- Albert Einstein\n\n#Dailyquote‚Ä¶ https://t.co/nYq7Dcpd0z",manabduch,anxiety
174,neutral,RT @LucDeFort: Even when there is unbalance.\n        Always be the bigger woman or man.\n\n#Problemsüåõ #Solutions üåû #Thinking ‚úçÔ∏è https://t.co/‚Ä¶,guilbherte,anxiety
175,positive,RT @Heino1Olli: Interesting new read for friends of critical thinking by ‚Å¶@sapinker‚Å©: ‚ÄúRationality does a very good job of delivering on it‚Ä¶,timorainio,anxiety
176,neutral,@onepbsucks #thinking,ftbono,anxiety
177,positive,RT @marshawright: ü§© Wanna revamp your #affirmations?\n\nLook through the #ThinkBIGSundayWithMarsha for real #motivation\n\nRemember to send Pos‚Ä¶,DanCas2,anxiety
178,positive,RT @marshawright: ü§© Wanna revamp your #affirmations?\n\nLook through the #ThinkBIGSundayWithMarsha for real #motivation\n\nRemember to send Pos‚Ä¶,brianeltorro,anxiety
179,positive,ü§© Wanna revamp your #affirmations?\n\nLook through the #ThinkBIGSundayWithMarsha for real #motivation\n\nRemember to se‚Ä¶ https://t.co/vBrNSFKOXl,marshawright,anxiety
180,negative,"‚ÄúCritical Thinking: Why Is It So Hard To Teach?‚Äù [PDF, 2007], Daniel T. Willingham, American Educator (‚Ä¶ https://t.co/Ebwbp3aWUd",rmathew4tw,anxiety
181,positive,Helllooo Twitterüåº\nSome new wisdom for u guys! \n-&gt; Your stomach only know potatoes as mashed potato \n\n‚ú®Have a great‚Ä¶ https://t.co/736vu9H7Hv,Tia_Spark,anxiety
182,neutral,"@RanaAyyub This is the reality of our society.\nWe need to change our thinking, ideas and thoughts.üôèüáÆüá≥\nMahatma Gandh‚Ä¶ https://t.co/e0YtsEdgo5",socialistsaheb,anxiety
183,negative,You can have a long #life if you #change your way of #Thinking.,TheDavidValois,anxiety
184,positive,RT @Bala_justlift: Although our thoughts seem very real to us they are not us.\nDon‚Äôt get caught up in ruminating the past or worrying about‚Ä¶,bookiesthoughts,anxiety
185,neutral,Presentaciones din√°micas con Prezi  \n5 horas en total | 3347 students  | September 2021 release \n\nüÜì LINK =&gt;‚Ä¶ https://t.co/QwzIJ2fILX,comidoc,anxiety
186,positive,@KeniaMattis So ü§î wat u #thinking isn't #possible for #action,gloxgoldnchildr,anxiety
187,positive,YES AND THANK YOU SO\nMUCH.\n\n- lets start with this. üßø\n#thewritingcow #TWC2021 #words #sunoh #thoughts #amwriting‚Ä¶ https://t.co/LFSG2zycg7,thewritingcow19,anxiety
188,negative,today i‚Äôm #thinking about how we could‚Äôve gotten sapnap playing life is strange we could‚Äôve seen how he made the bi‚Ä¶ https://t.co/4VvKYugg5Z,alivebur,anxiety
189,negative,RT @dlhampton: 10 Common Negative Thinking Patterns and How You Can Change Them  https://t.co/kRYGydGSEX\n\nNegative #thinking can cause #dep‚Ä¶,vivs1man,anxiety
190,positive,"#time ., is #success ‚Ä¶ #strategic #thinking .., #chess #play #leverage #winning https://t.co/xzlsbN0qAx",Miyckoal,anxiety
191,neutral,@AirIanes just seen the episode where they put the raid fits on and now Im #thinking,therealHyperK,anxiety
192,neutral,Êó•Êú¨„ÅÆËã•ËÄÖ„Åü„Å°„ÄÅ#„ÉØ„ÇØ„ÉÅ„É≥Êé•Á®Æ „Åô„Çã„ÅÆÔºü ËÄÉ„Åà„Çà„ÅÜÔºÅ#thinking #Áîü„Åç„Çã #„ÉØ„ÇØ„ÉÅ„É≥„Éë„Çπ„Éù„Éº„ÉàÂèçÂØæ https://t.co/egB2UzfSk0,567thinking,anxiety
193,negative,#cookingthoughts - Boo‚Äôs Perspective üòà\n\n#cooking #thoughts #food #thinking #grill #mindset #burger #chicken #pork‚Ä¶ https://t.co/un0zvVmEn1,TimoLindsey,anxiety
194,positive,2 gecedir yurda √ßok ge√ß giri≈ü yapƒ±yorum acb oda arkada≈üƒ±m uyanƒ±yor mudur #thinking,swingyypie,anxiety
195,positive,"#SALE #Thinking of You Blank #Card , ##Bird , #Hearts , #Love , #Caring , M by PrintedCards https://t.co/xloUwUZltr via @Etsy",AAmazingPaper,anxiety
196,neutral,¬øSe asoma? ¬øo no se asoma?\nTal vez a Charlie tampoco le gusta los lunes. \n\n#lunes #monday #charlie #perro #dog‚Ä¶ https://t.co/kAXpijWYAS,ecollb,anxiety
197,positive,I #Think - #Positive #Thinking #iPhone12 #Case https://t.co/Pcfj6kqxiv via @zazzle  #zazzlemade #zazzle‚Ä¶ https://t.co/zrXOIqIJtG,Evie_Hourglass,anxiety
198,negative,RT @MondayBlogs: Is Left Brain vs. Right Brain A False Choice? \nYes. Here‚Äôs Why... \nhttps://t.co/NfouCwCgB0 \nby @MarcStrausBooks \n\nWhile th‚Ä¶,BadRedheadMedia,anxiety
199,negative,RT @MondayBlogs: Is Left Brain vs. Right Brain A False Choice? \nYes. Here‚Äôs Why... \nhttps://t.co/NfouCwCgB0 \nby @MarcStrausBooks \n\nWhile th‚Ä¶,RachelintheOC,anxiety
200,negative,RT @MondayBlogs: Is Left Brain vs. Right Brain A False Choice? \nYes. Here‚Äôs Why... \nhttps://t.co/NfouCwCgB0 \nby @MarcStrausBooks \n\nWhile th‚Ä¶,RomPromoCentral,anxiety
201,negative,RT @MondayBlogs: Is Left Brain vs. Right Brain A False Choice? \nYes. Here‚Äôs Why... \nhttps://t.co/NfouCwCgB0 \nby @MarcStrausBooks \n\nWhile th‚Ä¶,WomenPromo,anxiety
202,negative,RT @MondayBlogs: Is Left Brain vs. Right Brain A False Choice? \nYes. Here‚Äôs Why... \nhttps://t.co/NfouCwCgB0 \nby @MarcStrausBooks \n\nWhile th‚Ä¶,NaNoProMo,anxiety
203,negative,RT @MondayBlogs: Is Left Brain vs. Right Brain A False Choice? \nYes. Here‚Äôs Why... \nhttps://t.co/NfouCwCgB0 \nby @MarcStrausBooks \n\nWhile th‚Ä¶,MondayBlogs,anxiety
204,neutral,gente vcs apoiariam fanarts de kpop nesta conta pois penso mto em fazer dos meus grupos favs #thinking #pensando,misiarti,anxiety
205,negative,RT @MondayBlogs: Is Left Brain vs. Right Brain A False Choice? \nYes. Here‚Äôs Why... \nhttps://t.co/NfouCwCgB0 \nby @MarcStrausBooks \n\nWhile th‚Ä¶,indiebookpromos,anxiety
206,negative,RT @MondayBlogs: Is Left Brain vs. Right Brain A False Choice? \nYes. Here‚Äôs Why... \nhttps://t.co/NfouCwCgB0 \nby @MarcStrausBooks \n\nWhile th‚Ä¶,BookHelpForYou,anxiety
207,negative,RT @MondayBlogs: Is Left Brain vs. Right Brain A False Choice? \nYes. Here‚Äôs Why... \nhttps://t.co/NfouCwCgB0 \nby @MarcStrausBooks \n\nWhile th‚Ä¶,BkMarketingChat,anxiety
208,negative,RT @MondayBlogs: Is Left Brain vs. Right Brain A False Choice? \nYes. Here‚Äôs Why... \nhttps://t.co/NfouCwCgB0 \nby @MarcStrausBooks \n\nWhile th‚Ä¶,MarcStrausBooks,anxiety
209,neutral,Every person in a #leader or #manager‚Äôs role needs to remind themselves of the importance of going into the field a‚Ä¶ https://t.co/TdBTi5kvZ3,LeonarderRod,anxiety
210,positive,"#Thinking. Are you doing enough thinking, reflecting and planning for a better future? #Trends, #Issues, #Planning. https://t.co/knv1lbz3SC",FAQSupport,anxiety
211,positive,Omg wait do you guys think Trump was really hearing about RBG death for the first time in that clip or someone had‚Ä¶ https://t.co/er09KeWpv5,butterfroot,anxiety
212,positive,RT @DouglasGardham: The blog leading up to the latest one. A Changing Frame-Of-Reference by Douglas Gardham: https://t.co/dBcG5Qxklj @IPlea‚Ä¶,cipherEquality,anxiety
213,neutral,#thinking https://t.co/rlpOt5HEAc,alovecassette,anxiety
214,positive,"I'm not #AI. Easily #verifiable. I do not belong to any #group, #clandestine or open. I'm not into #Elitism or asso‚Ä¶ https://t.co/PmGeXtHx54",horizonpolaris,anxiety
215,positive,I EVER AND EVER SAY THAT #I #AM #FOR #MATHEMATICS ONLY AND THEN OKKKAY OR I TALK ABOUT SUPER MINDED ALBERT EINSTEIN‚Ä¶ https://t.co/w9LLle87qM,shravansaxenaxz,anxiety
216,positive,"Someone said: Let's simplify our tasks to the maximum, but right up to the previous level where efficiency disappea‚Ä¶ https://t.co/5x8rlh5Thw",adholife,anxiety
217,negative,"THEN AS HE OR I IS A #THINKING #GUY OR #THINK AND THINK,DUE TO THIS ONLY,HE OR I SHOULD OPT THE MATHEMATICS SINCE CLASS11TH!!! BUT I-------",shravansaxenaxz,anxiety
218,positive,I lay upon #stitched seams\n#thinking.\n\nI #miss the early morning rise of your #eyes..,William_knight9,anxiety
219,negative,Need to sleep but wide awake! Over thinking! #sleep #thinking #bed https://t.co/VqoL9k6nVh,Bradlah1,anxiety
220,positive,RT @passiton_values: It's a good idea to think through what we say. #empathy #passiton\n.\n.\n.\n#values #valuesmatter #thinkpositive #thinking‚Ä¶,sumo813,anxiety
221,neutral,when your brain just dont want to switch off #thinking ü§îü§îü§î,Bilski1508,anxiety
222,neutral,"RT @JMP_SEJ: üå∏Go check out this video on our YouTube channel, https://t.co/xRDFQZjA4C üå∏\n-\n-\n#theselfempowermentjourney #jacquelinemaryphill‚Ä¶",natrellabot,anxiety
223,neutral,"üå∏Go check out this video on our YouTube channel, https://t.co/xRDFQZjA4C üå∏\n-\n-\n#theselfempowermentjourney‚Ä¶ https://t.co/Pi3HfL2hUu",JMP_SEJ,anxiety
224,positive,"Someone said: Let's simplify our tasks to the maximum, but right up to the previous level where efficiency disappea‚Ä¶ https://t.co/AztLXu2V9i",adholife,anxiety
225,neutral,#thinking https://t.co/RrMizzlp3x,helixruler,anxiety
226,neutral,"üå∏Go check out this video on our YouTube channel, https://t.co/dVqkXXOHXP üå∏\n-\n-\n#theselfempowermentjourney‚Ä¶ https://t.co/LObP1bOsMr",JMP_SEJ,anxiety
227,neutral,"üå∏Go check out this video on our YouTube channel, https://t.co/pOZMGYNWxj üå∏\n-\n-\n#theselfempowermentjourney‚Ä¶ https://t.co/u6ViyIm0PD",JMP_SEJ,anxiety
228,neutral,"üççGo check out this video on our YouTube channel, https://t.co/QEvF660krN üçç\n-\n\n#theselfempowermentjourney‚Ä¶ https://t.co/bqs0zPN4UX",JMP_SEJ,anxiety
229,positive,"RT @LindaBerman4: The aim is to find a balance between thinking and feeling in order to have healthy empathy, develop successful relationsh‚Ä¶",KalenMarquis,anxiety
230,positive,"The aim is to find a balance between thinking and feeling in order to have healthy empathy, develop successful rela‚Ä¶ https://t.co/AeIqlrF63H",LindaBerman4,anxiety
231,neutral,#Thinking!,8pack2themax,anxiety
232,positive,RT @bw_publishing: #critical #thinking #CommonSense is not #dead #amediting #mystery @GadSaad @jordanbpeterson https://t.co/d6Wr8hqXV5,bw_publishing,anxiety
233,neutral,RT @LucDeFort: Even when there is unbalance.\n        Always be the bigger woman or man.\n\n#Problemsüåõ #Solutions üåû #Thinking ‚úçÔ∏è https://t.co/‚Ä¶,Jean_MarieJ,anxiety
234,neutral,@minimallossgal #thinking,ramenaretrash,anxiety
235,neutral,#thinking - ü§îüí≠,Menonomics1,anxiety
236,neutral,RT @HIDensityLiving: Do the Work to Think - Part 2. Listen Now! https://t.co/Ei2cp5CSUG\n\n#man #nature #humanity #thinking #self #body #mind‚Ä¶,HIDensityLiving,anxiety
237,negative,There is no battleground that is vicious like the academic battleground.\n\n#ThoughtsOfANovice\n#ApothegmsAndObservations\n#thinking,ApothegmDaily,anxiety
238,negative,RT @talk2_God: #game #Giveaways #Mentalhealth #motivation #quotes #resilience #strength #thinking #ThinkBIGSundayWithMarsha #Value \n\nGettin‚Ä¶,Tokyo2020_Japan,anxiety
239,positive,Never automatic dismiss the unique experiences from a person with differences. Every voice matter.‚Ä¶ https://t.co/OX1zFlbpjb,plusvalueuk,anxiety
240,negative,Can anyone give me ideas of what to draw rn? I am currently having a small anxiety attack and I need to distract my‚Ä¶ https://t.co/hhTzyeWSAr,edgy_official,anxiety
241,negative,Ahskdjs oof we got put into groups of 6 at my online preparatory math course and I don't know a single person there‚Ä¶ https://t.co/OgFkJxRbnP,suheestudies,anxiety
242,neutral,"I have a doctor‚Äôs appointment over the phone tomorrow. Already doctor‚Äôs appointments make me nervous, but add a pho‚Ä¶ https://t.co/0KVGukFP9N",FailedLDSWoman,anxiety
243,negative,I seriously need to get over my fear of talking to randos on the internet and start voice chatting in games. I've h‚Ä¶ https://t.co/56mjHyXWDb,px3stick,anxiety
244,positive,RT @socialanxietysb: Start feeling better about yourself and move from socially anxious to socially at ease.\nDiscover the journey now. Go t‚Ä¶,socialanxietysb,anxiety
245,positive,RT @kellyfairchild2: When someone is public about their emotional and social struggles...don't be a dick. If you have nothing helpful or su‚Ä¶,JayCeeBrown13,anxiety
246,neutral,IN THE STILL OF THE NIGHT #creativewriting #amwriting #writingcommunity #writerslift #mediumwriters #medium‚Ä¶ https://t.co/syp2GL0FS5,LonBixby,anxiety
247,neutral,@BunsMomo @YippSugiyama I found out that a lot of us who vtube have #socialanxiety so you're not alone! I hope vtub‚Ä¶ https://t.co/5NjlT57N9p,Jen_HayanTokki,anxiety
248,negative,"Visit The Haven, an 18+ mental health peer support community on Discord, open to everyone. üß°\n\n#peersupport‚Ä¶ https://t.co/2eOLxq06i3",TheHavenMH,anxiety
249,neutral,"#sundayvibes\nI'm all ears, tell me how you feel.\n\n#introvert #introvertproblems #introvertlife #introverts‚Ä¶ https://t.co/D5ZTnIwLkx",Tami_growth,anxiety
250,positive,RT @kellyfairchild2: When someone is public about their emotional and social struggles...don't be a dick. If you have nothing helpful or su‚Ä¶,1cb2d592a2754ff,anxiety
251,neutral,#sundayvibes\nYou're not alone in how you feel.\n\n#introvert #introvertproblems #introvertlife #introverts‚Ä¶ https://t.co/P2ANsk8EDc,Tami_growth,anxiety
252,positive,RT @kellyfairchild2: When someone is public about their emotional and social struggles...don't be a dick. If you have nothing helpful or su‚Ä¶,shaman2263,anxiety
253,positive,RT @kellyfairchild2: When someone is public about their emotional and social struggles...don't be a dick. If you have nothing helpful or su‚Ä¶,BgpbearsHawkins,anxiety
254,positive,When someone is public about their emotional and social struggles...don't be a dick. If you have nothing helpful or‚Ä¶ https://t.co/6Xzsxazw3a,kellyfairchild2,anxiety
255,positive,RT @socialanxietysb: You've done everything to become socially at ease. But why does your social anxiety keep on coming back?\n\nGo here to l‚Ä¶,socialanxietysb,anxiety
256,neutral,#sundayvibes\nLooks like it's going to be one of those days...\n\n#introvert #introvertproblems #introvertlife‚Ä¶ https://t.co/eH25SbIQlE,Tami_growth,anxiety
257,neutral,RT @socialanxcorner: The #nationalsocialanxietycenter just created this extensive library of self-help CBT videos for managing #socialanxie‚Ä¶,BeyondTheBlush,anxiety
258,neutral,"I did a lot of things this weekend that cause me anxiety. Had friends visit for the weekend, travelled into the cit‚Ä¶ https://t.co/Abte6AKzqU",SADisorder_,anxiety
259,negative,"Visit The Haven, an 18+ mental health peer support community on Discord, open to everyone. üß°\n\n#peersupport‚Ä¶ https://t.co/4O4XUVwn5d",TheHavenMH,anxiety
260,neutral,üíØüòÇ\n\n#builtbymikefitness #chrisredfield #personaltrainer #wellnesscoach #naturalbodybuilder #mensclassicphysique‚Ä¶ https://t.co/lBZ2EGnSPY,Built_By_Mike,anxiety
261,neutral,The #nationalsocialanxietycenter just created this extensive library of self-help CBT videos for managing‚Ä¶ https://t.co/Qx473uuj9k,socialanxcorner,anxiety
262,positive,"He truly did love me, it was unmistakable. Something my anxiety couldn‚Äôt take from me.  FREE On Kindle Unlimited‚Ä¶ https://t.co/HfLYBlzWZx",AmythaMcclung,anxiety
263,neutral,"Why be ashamed of something that's not even your fault? Deal with infertility constructively, Begin your journey to‚Ä¶ https://t.co/UIkYM2Ro03",MotherhoodIVF,anxiety
264,negative,"Okay!!! \nPeople with social anxiety do your family push you in awkward social circle alone.\nIf, they do how do you‚Ä¶ https://t.co/XMDAlMpuIK",DianaYong8,anxiety
265,positive,CBT group for young people 16-18 years who have social anxiety! Some places left! Spread the word! #socialanxiety‚Ä¶ https://t.co/9LjDaLDodi,jpccampbell,anxiety
266,positive,"RT @DrReneeIAnders1: A quiz can‚Äôt diagnose you, but it can help you identify whether you may have social anxiety: https://t.co/9cxNjz3lXP |‚Ä¶",dave03095814,anxiety
267,positive,"A quiz can‚Äôt diagnose you, but it can help you identify whether you may have social anxiety:‚Ä¶ https://t.co/ZemFbPNxR3",DrReneeIAnders1,anxiety
268,neutral,[ Hashtags Section ] üòä\n#mentalhealth #mentalhealthmatters #mentalhealthawareness #adhd #adhdmemes #adhdlife‚Ä¶ https://t.co/vVYz5cICZ7,chronicallysoob,anxiety
269,positive,"For those living with #adenoidcysticcarcinoma, life is different. How can we deal with associated 'social anxiety'‚Ä¶ https://t.co/Tmf4EdhXqx",SGCancerUK,anxiety
270,negative,"Visit The Haven, an 18+ mental health peer support community on Discord, open to everyone. üß°\n\n#peersupport‚Ä¶ https://t.co/064yRAF6Sw",TheHavenMH,anxiety
271,neutral,#sundayvibes\nWhen life hands you lemons...\n\n#introvert #introvertproblems #introvertlife #introverts #introverted‚Ä¶ https://t.co/NGM51w0P52,Tami_growth,anxiety
272,negative,"Duhhh, like‚Ä¶ I‚Äôm an #introvert #homebody #shytype #socialanxiety #babysteps https://t.co/EqVEjPjQdK",JayeArah,anxiety
273,positive,#deadpool #drawing #doodle #pencil #oilpastel #arttherapy #fun #socialanxiety #depression https://t.co/iZk68FO4cU,milliesmamabear,anxiety
274,positive,#deadpool #drawing #doodle #pencil #oilpastel #arttherapy #fun #socialanxiety #depression https://t.co/S0J59lu9PC,milliesmamabear,anxiety
275,negative,"RT @SocialAnxietyD_: However small the steps you need to take seem, take them. It is essential to be patient and realistic with yourself. T‚Ä¶",fightselective1,anxiety
276,positive,RT @SocialAnxietyD_: An example of this is that this morning before walking in to work I decided I should try and speak loud enough and say‚Ä¶,fightselective1,anxiety
277,positive,Most recent work #21stcentury #teenlife #lifesjourney #change  #pencildrawing  #socialissuesmatter #socialanxiety‚Ä¶ https://t.co/JeAuILgLNp,LaMuseCorsetry,anxiety
278,positive,Most recent work #21stcentury #teenlife #lifesjourney #change  #pencildrawing  #socialissuesmatter #socialanxiety‚Ä¶ https://t.co/WpaOGZkSTb,LaMuseCorsetry,anxiety
279,positive,Most recent work #21stcentury #teenlife #lifesjourney #change  #pencildrawing  #socialissuesmatter #socialanxiety‚Ä¶ https://t.co/Wr0AQyFl7Y,LaMuseCorsetry,anxiety
280,positive,Most recent work #21stcentury #teenlife #lifesjourney #change  #pencildrawing  #socialissuesmatter #socialanxiety‚Ä¶ https://t.co/mp7B45aFue,LaMuseCorsetry,anxiety
281,positive,Most recent work #21stcentury #teenlife #lifesjourney #change  #pencildrawing  #socialissuesmatter #socialanxiety‚Ä¶ https://t.co/OMcvYHMlO6,LaMuseCorsetry,anxiety
282,negative,"RT @SocialAnxietyD_: However small the steps you need to take seem, take them. It is essential to be patient and realistic with yourself. T‚Ä¶",sunnyoftan,anxiety
283,positive,Most recent work #21stcentury #teenlife #lifesjourney #change  #pencildrawing  #socialissuesmatter #socialanxiety‚Ä¶ https://t.co/k7f00fx6Nw,LaMuseCorsetry,anxiety
284,positive,"RT @TheUnitedIndia2: Call 1800-599-0019 to reach KIRAN, a 24/7 national helpline set by the ministry of social justice.\n.\n.\n.\n#letstalk #ta‚Ä¶",andrewmorrisuk,anxiety
285,positive,"Call 1800-599-0019 to reach KIRAN, a 24/7 national helpline set by the ministry of social justice.\n.\n.\n.\n#letstalk‚Ä¶ https://t.co/OtFzX5XX8q",TheUnitedIndia2,anxiety
286,positive,"Navy blue sky with a black hill. I made this painting while having a mild social anxiety attack in public, in ArtFl‚Ä¶ https://t.co/wQ7x6m11KL",zachnocturnala1,anxiety
287,neutral,Therapist Reacts to A SILENT VOICE https://t.co/bl4fUjUkvG via @YouTube #anime #animetwt #therapist #therapy‚Ä¶ https://t.co/xezRELdKlt,impolitespoon18,anxiety
288,negative,"RT @TheHavenMH: Visit The Haven, an 18+ mental health peer support community on Discord, open to everyone. üß°\n\n#peersupport #mentalhealth #d‚Ä¶",ADHDing_,anxiety
289,negative,wonder if she had a bf? I'm too shy to asküëÄü§î anywhoo your not here for that your here for games so enjoy the pics.‚Ä¶ https://t.co/lMdZsAz1zA,TheJokester_MrJ,anxiety
290,negative,"Visit The Haven, an 18+ mental health peer support community on Discord, open to everyone. üß°\n\n#peersupport‚Ä¶ https://t.co/Ke2GrgxzBO",TheHavenMH,anxiety
291,neutral,#Introverts #IntrovertLife #Introvert #IntrovertProblems #ISTJ #Recluse #SocialAnxiety #SilenceIsGolden #QuietTime‚Ä¶ https://t.co/Lkg4cwah5D,proofreaderjkkk,anxiety
292,neutral,#SaturdayThoughts\nYou have the power within - unleash it.\n\n#introvert #introvertproblems #introvertlife #introverts‚Ä¶ https://t.co/j4ibgBGISF,Tami_growth,anxiety
293,negative,"RT @SocialAnxietyD_: However small the steps you need to take seem, take them. It is essential to be patient and realistic with yourself. T‚Ä¶",elixir9,anxiety
294,positive,RT @SocialAnxietyD_: An example of this is that this morning before walking in to work I decided I should try and speak loud enough and say‚Ä¶,elixir9,anxiety
295,neutral,#SaturdayThoughts\n#introvertsbelike... you can't see me...\n\n#introvert #introvertproblems #introvertlife‚Ä¶ https://t.co/fpc61Xn2rK,Tami_growth,anxiety
296,positive,An example of this is that this morning before walking in to work I decided I should try and speak loud enough and‚Ä¶ https://t.co/ipNkf40tUg,SocialAnxietyD_,anxiety
297,negative,"However small the steps you need to take seem, take them. It is essential to be patient and realistic with yourself‚Ä¶ https://t.co/Uowigd9pF5",SocialAnxietyD_,anxiety
298,neutral,#Introverts #IntrovertLife #Introvert #IntrovertProblems #ISTJ #Recluse #SocialAnxiety #SilenceIsGolden #QuietTime‚Ä¶ https://t.co/ERHhIOHsuy,proofreaderjkkk,anxiety
299,negative,It's been one of those weeks where I've had to say I'm done üòîüòï And now currently full of cold. ü§ßüëé #rubbishweek‚Ä¶ https://t.co/RXEZ6K5JVz,milliesmamabear,anxiety
300,negative,Do you ever get nervous when like someone yells from behind ‚Äúma‚Äôam!‚Äù -i automatically assume its me i feel like im‚Ä¶ https://t.co/yw9KzO201E,BambisLovers,anxiety
301,positive,ready myself to face even walking in. But step by step I'm doing it. Today I wrote to myself that I can only be mys‚Ä¶ https://t.co/t6cMa9fKfy,SocialAnxietyD_,anxiety
302,neutral,START YOUR STAND UP COMEDY CAREER FOR $7.99  Purchase Link: https://t.co/EJGkCFhAI0 C https://t.co/tcRo92PMZS #ufc‚Ä¶ https://t.co/OiGSTg33kT,LaughOutNOW,anxiety
303,positive,"If you're wondering how you can deal with your high functioning social anxiety, these tricks are for you üëå‚Ä¶ https://t.co/SnL4tOgV34",MakinWellness,anxiety
304,positive,WRITE #ONstrike humble rumble fumble #youngerself esports #HRTech inhale fresh air #selfreminder shutup #breathe‚Ä¶ https://t.co/sw8KzwO3SF,TheBOSSofStress,anxiety
305,neutral,#SaturdayThoughts\nGet out there and explore your world!\n\n#introvert #introvertproblems #introvertlife #introverts‚Ä¶ https://t.co/c78jQXFV1D,Tami_growth,anxiety
306,positive,RT @QueenGmazgul: Having Social Anxiety At A Party! \n\n#Visage #horror #nonbinary #twitch #gmazgul #gamerthey #socialanxiety #cats #EvilAppl‚Ä¶,QueenGmazgul,anxiety
307,positive,Challenging the narrative that public sector workplace bullies cannot change\n\n#mentalhealth #health #wellness‚Ä¶ https://t.co/FOVyZwPZ2e,shoebhakim,anxiety
308,negative,Bullying in the Workplace: A Harbinger of Serious Problems\n\n#mentalhealth #health #wellness #wellbeing‚Ä¶ https://t.co/17AiG7FKyq,shoebhakim,anxiety
309,negative,You know what I‚Äôve never liked? Going to churches where you‚Äôd have to walk to the front and put your offering in üòÖ‚Ä¶ https://t.co/9sM7VbNoDb,Chill_Ashhh,anxiety
310,neutral,Have you got a bullying culture?\n\n#mentalhealth #health #wellness #wellbeing #healthylifestyle #fitness #nutrition‚Ä¶ https://t.co/Aah1CL5nO9,shoebhakim,anxiety
311,negative,"Visit The Haven, an 18+ mental health peer support community on Discord, open to everyone. üß°\n\n#peersupport‚Ä¶ https://t.co/ld3f3UGcAv",TheHavenMH,anxiety
312,neutral,RT @socialanxietysb: Do you have feelings of #shame or #fear of getting #embarrassed during #SocialInteractions? Hear how my program helped‚Ä¶,socialanxietysb,anxiety
313,negative,"Visit The Haven, an 18+ mental health peer support community on Discord, open to everyone. üß°\n\n#peersupport‚Ä¶ https://t.co/EzRdFaNlj5",TheHavenMH,anxiety
314,negative,#SaturdayThoughts\nSometimes you just need to break away from the pack...no what I mean?\n\n#introvert‚Ä¶ https://t.co/sjJ1Pe2SxI,Tami_growth,anxiety
315,neutral,RT @ideafaktory: #Instagram #Conspiracy!!\n\nWho could have known?\n\n#RunRants\n\n#tech #socialtrends #socialanxiety #selfcare #parenting #kids‚Ä¶,ideafaktory,anxiety
316,neutral,RT @PaintedBraiNews: 4 Ways to cope when you have #SocialAnxiety \n#mentalhealth https://t.co/Hne0AQePlN https://t.co/DqOgr2byxV,SunnyMHBlogger,anxiety
317,neutral,RT @IanChard95: Do you #stammer and experience #socialanxiety?\n\nOur trial of VR exposure therapy for people who stammer is now recruiting v‚Ä¶,BhamStammering,anxiety
318,positive,Having Social Anxiety At A Party! \n\n#Visage #horror #nonbinary #twitch #gmazgul #gamerthey #socialanxiety #cats‚Ä¶ https://t.co/XH3jioWjqq,QueenGmazgul,anxiety
319,positive,"How to Handle #SocialAnxiety, #PTSD &amp; More from #COVID | MedCircle ‚ôªÔ∏è\nhttps://t.co/q6HFC7l21p",eldiosmercurio,anxiety
320,positive,"Call 1800-599-0019 to reach KIRAN, a 24/7 national helpline set by the ministry of social justice.\n.\n.\n.\n#letstalk‚Ä¶ https://t.co/S1BNG0B6r7",TheUnitedIndia2,anxiety
321,negative,üì∑ #keepitweird #weird #awkward #socialanxiety #anxiety #awkwardness -TJ https://t.co/jsTbu0Mwft https://t.co/xaLaHYOVIk,FTNerdy,anxiety
322,negative,#keepitweird #weird #awkward #socialanxiety #anxiety #awkwardness -TJ https://t.co/T5iICm2zrO,FTNerdy,anxiety
323,positive,RT @FallonRGoodman: Struggling with social anxiety? \n\nMy lab put together a (vetted) list of free resources on social anxiety: https://t.co‚Ä¶,CalculatingMind,anxiety
324,positive,#Introverts #IntrovertLife #Introvert #IntrovertProblems #ISTJ #Recluse #SocialAnxiety #SilenceIsGolden #Peaceful‚Ä¶ https://t.co/m1VrBe5fXq,proofreaderjkkk,anxiety
325,negative,"RT @TheHavenMH: Visit The Haven, an 18+ mental health peer support community on Discord, open to everyone. üß°\n\n#peersupport #mentalhealth #d‚Ä¶",ensayimada,anxiety
326,negative,"RT @TheHavenMH: Visit The Haven, an 18+ mental health peer support community on Discord, open to everyone. üß°\n\n#peersupport #mentalhealth #d‚Ä¶",MentalHRetweet,anxiety
327,negative,"RT @TheHavenMH: Visit The Haven, an 18+ mental health peer support community on Discord, open to everyone. üß°\n\n#peersupport #mentalhealth #d‚Ä¶",beautflChillz,anxiety
328,negative,"Visit The Haven, an 18+ mental health peer support community on Discord, open to everyone. üß°\n\n#peersupport‚Ä¶ https://t.co/XI8rg9sd0c",TheHavenMH,anxiety
329,positive,"RT @swisscyberforum: Industrial control systems have become more connected, and it is vital to regularly prioritize the #risks of severe #a‚Ä¶",HillRali,anxiety
330,positive,"Industrial control systems have become more connected, and it is vital to regularly prioritize the #risks of severe‚Ä¶ https://t.co/LFMLNEsYql",swisscyberforum,anxiety
331,positive,Stop #attacks and #violence on young #lawyers.\nThe Bar Council should play its role in arresting those involved in‚Ä¶ https://t.co/X9yA9r3Scy,ahmedyar_ayar,anxiety
332,neutral,RT @joeclark947: @kaspersky @avast_antivirus @AVGFree @ESET @Bitdefender @Malwarebytes @Sophos @CIOonline @TheHackersNews @symantec @cyber‚Ä¶,sectest9,anxiety
333,neutral,RT @news_ghana: Zambian organization trying to protect albinos amid attacks https://t.co/YvAkZCUtA7 #FeaturedArticles #amid #attacks #CAFS‚Ä¶,mideasltd,anxiety
334,neutral,Zambian organization trying to protect albinos amid attacks https://t.co/YvAkZCUtA7 #FeaturedArticles #amid‚Ä¶ https://t.co/zDxvNjutoF,news_ghana,anxiety
335,neutral,RT @joeclark947: @kaspersky @avast_antivirus @AVGFree @ESET @Bitdefender @Malwarebytes @Sophos @CIOonline @TheHackersNews @symantec @cyber‚Ä¶,joeclark947,anxiety
336,neutral,RT @joeclark947: @kaspersky @avast_antivirus @AVGFree @ESET @Bitdefender @CIOonline @TheHackersNews @symantec @cyber @WIRED @Cisco @Microso‚Ä¶,joeclark947,anxiety
337,neutral,RT @Infosec_Train: CEH v11 Certification Training\n\nEnroll Now: https://t.co/mNZHQE5lrn\nEmail: sales@infosectrain.com\n\n#ceh #informationsecu‚Ä¶,cybersec_feeds,anxiety
338,neutral,RT @Infosec_Train: CEH v11 Certification Training\n\nEnroll Now: https://t.co/mNZHQE5lrn\nEmail: sales@infosectrain.com\n\n#ceh #informationsecu‚Ä¶,mindfuldesserts,anxiety
339,neutral,RT @Infosec_Train: CEH v11 Certification Training\n\nEnroll Now: https://t.co/mNZHQE5lrn\nEmail: sales@infosectrain.com\n\n#ceh #informationsecu‚Ä¶,botcybersec,anxiety
340,neutral,CEH v11 Certification Training\n\nEnroll Now: https://t.co/mNZHQE5lrn\nEmail: sales@infosectrain.com\n\n#ceh‚Ä¶ https://t.co/NyJBuMPLPa,Infosec_Train,anxiety
341,neutral,Servers migrated to Azure - what network security is needed https://t.co/aEnuGIz4a3 #network #attacks #firewalls,iSecurity,anxiety
342,positive,The Biden administration reportedly plans to implement new measures to make it more difficult for hackers to profit‚Ä¶ https://t.co/Xx9ve4nSbn,coinbag_app,anxiety
343,positive,Trumps 1776 Commission Rebukes Attacks on National Archives - AMAC - The Association of Mature American Citizens...‚Ä¶ https://t.co/AdsNjDkuE0,AnyPollApp,anxiety
344,neutral,"#Russia says: #Attacks on online voting systems were carried out from IP addresses in the United States (50%), Germ‚Ä¶ https://t.co/vp5MUfg8tA",Treadstone71LLC,anxiety
345,negative,"Late in July, Iranian security forces disbanded a #Takfiri #terrorist group that sought to carry out simultaneous‚Ä¶ https://t.co/nypiTdvIRW",IranDrones,anxiety
346,positive,#SmackTLS: State Machine #Attacks\n\nNew website:\nhttps://t.co/pmGpr8sa0V https://t.co/jHJAIrTQNO,CKsTechNews,anxiety
347,neutral,RT @F9FALCON1: #GREATJOB #DEMOCRATS @NBC\n\n#BORDER #CRISIS\n#CYBER #SECURITY #ATTACKS\n#CRIME #RAGES\n#GAS #SURGE\n#GROCERIES #SOAR\n#INFLATION\n#‚Ä¶,F9FALCON1,anxiety
348,neutral,How to do forensics on RaspberryPi in home network? https://t.co/9EKQsp5iJw #attacks #forensics #raspberrypi,iSecurity,anxiety
349,neutral,RT @eForensics_Mag: Anatomy of a Web App AttackAnatomy of a Web App Attack - get to know it from the eForensics blog!\n\n#webapp #attacks #op‚Ä¶,opensource_orgs,anxiety
350,neutral,Anatomy of a Web App AttackAnatomy of a Web App Attack - get to know it from the eForensics blog!\n\n#webapp #attacks‚Ä¶ https://t.co/yEAwhvm8KC,eForensics_Mag,anxiety
351,neutral,My (incomplete) ongoing compilation list of #attacks and #abductions on #NLD people by SAC and/or #PyusawHtee‚Ä¶ https://t.co/pYTUzztZAj,kogar74697026,anxiety
352,neutral,"After Donald Trump misplaced the 2020 presidential election, a wave of recent state legal guidelines created limita‚Ä¶ https://t.co/krYLtGXJ3G",jnetnon,anxiety
353,positive,"#Tunisia: Reforms and changes have proven effective in preventing terrorist #attacks, but couldn't stop #violence a‚Ä¶ https://t.co/FFIoDobUY2",alestiklalen,anxiety
354,neutral,RT @F9FALCON1: #GREATJOB #DEMOCRATS @NBC\n\n#BORDER #CRISIS\n#CYBER #SECURITY #ATTACKS\n#CRIME #RAGES\n#GAS #SURGE\n#GROCERIES #SOAR\n#INFLATION\n#‚Ä¶,Charlot53053143,anxiety
355,neutral,RT @F9FALCON1: #GREATJOB #DEMOCRATS @NBC\n\n#BORDER #CRISIS\n#CYBER #SECURITY #ATTACKS\n#CRIME #RAGES\n#GAS #SURGE\n#GROCERIES #SOAR\n#INFLATION\n#‚Ä¶,Discovertech3,anxiety
356,negative,"Risk of #DeFi:\n- Buggy #SmartContracts\n- Excessive #arbitrage between pools, flash loans\n- #Oracle attacks\n-‚Ä¶ https://t.co/oTW43fZ0ED",ChokroKutchi,anxiety
357,positive,Schedule a Lumen Security Assessment with your customers to help ensure they know exactly how prepared they are aga‚Ä¶ https://t.co/CLpZ99hFB9,Duluth1,anxiety
358,positive,1/2 -- New development brings us to the question how credible are all the other justifications claimed to defend‚Ä¶ https://t.co/lEAtgD76Dy,GLOSM4,anxiety
359,positive,RT @Infosec_Train: How to prepare for CEH V11 Exam?\n\nRead more: https://t.co/6jsSUrmnA8\n\n#ceh #informationsecurity #cehv11 #eccouncil #secu‚Ä¶,cybersec_feeds,anxiety
360,positive,RT @ArnaudZ1: Schedule a Lumen Security Assessment with your customers to help ensure they know exactly how prepared they are against poten‚Ä¶,ArnaudZ1,anxiety
361,neutral,RT @Infosec_Train: CEH v11 Certification Training\n\nEnroll Now: https://t.co/utFchxT329\nEmail: sales@infosectrain.com\n\n#ceh #informationsecu‚Ä¶,cybersec_feeds,anxiety
362,positive,RT @bamitav: The cost of ransomware: How much are hackers making? \n\nhttps://t.co/mTUIVz1Nmd\n\n#infosec #security #cybersecurity #databreach‚Ä¶,bamitav,anxiety
363,neutral,https://t.co/aKfSZ8y558 #attacks,theinsidexpress,anxiety
364,positive,The cost of ransomware: How much are hackers making? \n\nhttps://t.co/mTUIVz1Nmd\n\n#infosec #security #cybersecurity‚Ä¶ https://t.co/qDnjNzzud6,bamitav,anxiety
365,neutral,RT @glenbenjamin: The US government is working on a slate of actions to make it more difficult for #hackers to use #cryptocurrency to profi‚Ä¶,glenbenjamin,anxiety
366,negative,"RT @Tisseringendarm: Admin of #DDoS service behind 200,000 #attacks faces 35yrs in #prison\n#Cybercrime\nhttps://t.co/otDBTs56hd https://t.co‚Ä¶",CyberSecurityN8,anxiety
367,negative,"RT @Tisseringendarm: Admin of #DDoS service behind 200,000 #attacks faces 35yrs in #prison\n#Cybercrime\nhttps://t.co/otDBTs56hd https://t.co‚Ä¶",sectest9,anxiety
368,negative,"Admin of #DDoS service behind 200,000 #attacks faces 35yrs in #prison\n#Cybercrime\nhttps://t.co/otDBTs56hd https://t.co/Kxqs6xSfp7",Tisseringendarm,anxiety
369,neutral,The US government is working on a slate of actions to make it more difficult for #hackers to use #cryptocurrency to‚Ä¶ https://t.co/ktQbV4eKka,glenbenjamin,anxiety
370,neutral,Repeated #arson #attacks against a Church in D√©ols! #intoleranceagainstchristians #ReligiousFreedom https://t.co/3aSmZ1IiLH,OIDACEurope,anxiety
371,positive,"Do you want to avoid Brute Force Attacks? First, you should learn what it is. #Security #vulnerability #Attacks https://t.co/SF9XzjPN29",Devrimshosting,anxiety
372,neutral,CEH v11 Certification Training\n\nEnroll Now: https://t.co/utFchxT329\nEmail: sales@infosectrain.com\n\n#ceh‚Ä¶ https://t.co/nCy2esg5K7,Infosec_Train,anxiety
373,neutral,#Russia #votesystem #hackers #attacks https://t.co/mcKtTbFJGE,Ollissya,anxiety
374,positive,RT @Infosec_Train: How to prepare for CEH V11 Exam?\n\nRead more: https://t.co/6jsSUrmnA8\n\n#ceh #informationsecurity #cehv11 #eccouncil #secu‚Ä¶,Ivhu_redu,anxiety
375,positive,RT @Infosec_Train: How to prepare for CEH V11 Exam?\n\nRead more: https://t.co/6jsSUrmnA8\n\n#ceh #informationsecurity #cehv11 #eccouncil #secu‚Ä¶,sectest9,anxiety
376,positive,RT @Infosec_Train: How to prepare for CEH V11 Exam?\n\nRead more: https://t.co/6jsSUrmnA8\n\n#ceh #informationsecurity #cehv11 #eccouncil #secu‚Ä¶,CyberSecurityN8,anxiety
377,positive,RT @Infosec_Train: How to prepare for CEH V11 Exam?\n\nRead more: https://t.co/6jsSUrmnA8\n\n#ceh #informationsecurity #cehv11 #eccouncil #secu‚Ä¶,botcybersec,anxiety
378,positive,How to prepare for CEH V11 Exam?\n\nRead more: https://t.co/6jsSUrmnA8\n\n#ceh #informationsecurity #cehv11 #eccouncil‚Ä¶ https://t.co/QA2PUYggM7,Infosec_Train,anxiety
379,negative,The #Biden (@potus) administration has made stopping the extremely disruptive #cyberattacks by #Ransomware a¬†‚Ä¶ https://t.co/v5EHzmRkSB,ntshnty,anxiety
380,positive,.@Twitter The #FederalGovernment is allowing #millions of #ILLEGALimmigrants to enter the USA. Many are being quiet‚Ä¶ https://t.co/LWkfKyvANK,legpac,anxiety
381,positive,Schedule a Lumen Security Assessment with your customers to help ensure they know exactly how prepared they are aga‚Ä¶ https://t.co/1lyum2rJk1,JohnAlvahCoe,anxiety
382,neutral,RT @AW_SecureAuth: Block attacks against users by removing the risk of #socialengineering #attacks like #phishing or spear phishing targete‚Ä¶,beefyspace,anxiety
383,neutral,Block attacks against users by removing the risk of #socialengineering #attacks like #phishing or spear phishing ta‚Ä¶ https://t.co/qBO48Je0Iz,AW_SecureAuth,anxiety
384,neutral,RT @SecureAuth: Block attacks against users by removing the risk of #socialengineering #attacks like #phishing or spear phishing targeted a‚Ä¶,beefyspace,anxiety
385,neutral,Block attacks against users by removing the risk of #socialengineering #attacks like #phishing or spear phishing ta‚Ä¶ https://t.co/o3GHafZUyt,SecureAuth,anxiety
386,negative,The #criminal gang using the name REvil may have enabled #ransomware #attacks on #smallbusinesses worldwide but the‚Ä¶ https://t.co/TDDv2QOife,glenbenjamin,anxiety
387,positive,Schedule a Lumen Security Assessment with your customers to help ensure they know exactly how prepared they are aga‚Ä¶ https://t.co/8AsTkx9dKI,prince_saied,anxiety
388,neutral,Anatomy of a Self-Inflicted Ransomware Attack! Check it out!\n\n#ransomware #attacks #opensource \n\nhttps://t.co/u4w8lIehNn,eForensics_Mag,anxiety
389,positive,Schedule a Lumen Security Assessment with your customers to help ensure they know exactly how prepared they are aga‚Ä¶ https://t.co/sjaRS0ZSBE,JakubcinTelecom,anxiety
390,negative,RT @peteraCMO: How can your organization prevent multi-stage #attacks in today‚Äôs complex #digital landscape? Check out this #cyberattack th‚Ä¶,hamid9049,anxiety
391,negative,"RT @peteraCMO: This past year, #ransomware #attacks have surged by 93%, which has devastated businesses worldwide. Join our Webinar, Sep 14‚Ä¶",hamid9049,anxiety
392,positive,Schedule a Lumen Security Assessment with your customers to help ensure they know exactly how prepared they are aga‚Ä¶ https://t.co/aOLRgDnEho,EricTurnerDC,anxiety
393,neutral,State of Homeland Security: Preventing Future ‚ÄòFailures of Imagination‚Äô via @HSTodayMag | #prevention #prevent‚Ä¶ https://t.co/JEDIxMpyYI,HT_Resp,anxiety
394,positive,Schedule a @LumenTechCo Security Assessment with your customers to help ensure they know exactly how prepared they‚Ä¶ https://t.co/AdiwlyFXUw,kathrynhagans_,anxiety
395,neutral,Experts Link Sidewalk #Malware #Attacks to Grayfly Chinese #Hacker Group\n\nhttps://t.co/L0YzPO8HQA,FreedomNetTech,anxiety
396,neutral,Why is there #CULT #ATTACKS   #HELTER #SKELTER in this province (time). Creating states of confusion leading to hys‚Ä¶ https://t.co/koIEGyUat3,YepAnn,anxiety
397,positive,BY ANTONY SAVVAS: More #online business attracts more automated #attacks https://t.co/hVCAJdemk0 #NTN #security,AntonySavvas,anxiety
398,positive,Schedule a Lumen Security Assessment with your customers to help ensure they know exactly how prepared they are aga‚Ä¶ https://t.co/0z7Du7ICIU,Josh_LumenEdge,anxiety
399,negative,#IT #decisionmakers often find themselves stuck between a rock and a hard place when it comes to dealing with‚Ä¶ https://t.co/Hn0DimcsP5,glenbenjamin,anxiety
400,positive,Schedule a Lumen Security Assessment with your customers to help ensure they know exactly how prepared they are aga‚Ä¶ https://t.co/z3ixIrxhiV,John_R_Amelia,anxiety
401,neutral,CEH v11 Certification Training\n\nEnroll Now: https://t.co/YOZefxUrSW\nEmail: sales@infosectrain.com\n\n#ceh‚Ä¶ https://t.co/JZsA0T8ezB,Infosec_Train,anxiety
402,negative,"Washington Post's Jennifer Rubin attacks Politico as 'misogynistic,' calls coverage 'hysterical, clickbait'...‚Ä¶ https://t.co/URIjnxmWx9",AnyPollApp,anxiety
403,positive,"This is the role of ethical hackers, which can help protect your business from real life hackers... this is only do‚Ä¶ https://t.co/P0yDg24HTF",PentestPeople,anxiety
404,positive,Schedule a Lumen Security Assessment with your customers to help ensure they know exactly how prepared they are aga‚Ä¶ https://t.co/Ofi3BEHqLP,MollyClemen,anxiety
405,neutral,Hong Kong #Journalist Who Embarrassed WHO #Official Quits After #Online #Attacks\n\nhttps://t.co/opC9X2xkY2 https://t.co/Xkc19mZCRt,crypto_returns,anxiety
406,positive,Schedule a Lumen Security Assessment with your customers to help ensure they know exactly how prepared they are aga‚Ä¶ https://t.co/pjMaLFvjXQ,ArnaudZ1,anxiety
407,positive,Join @SentinelOne and us TODAY at 11am as we analyse some of the most prominent recent #supplychain #attacks and sh‚Ä¶ https://t.co/d8am0TT4bL,SASIGEvents,anxiety
408,neutral,RT @joeclark947: @kaspersky @avast_antivirus @AVGFree @ESET @Bitdefender @Malwarebytes @Sophos @CIOonline @TheHackersNews @symantec @cyber‚Ä¶,beefyspace,anxiety
409,positive,RT @N5ssA: #SkyNews Host #Attacks @Friendlyjordies With #Breathtaking #Hypocrisy \nhttps://t.co/qGKnYPW6cl,N5ssA,anxiety
410,positive,#SkyNews Host #Attacks @Friendlyjordies With #Breathtaking #Hypocrisy \nhttps://t.co/qGKnYPW6cl,N5ssA,anxiety
411,positive,Terry McAuliffe Employs Debunked Attacks Against GOP Opponent - Washington Free Beacon... https://t.co/c31y2kSG7D‚Ä¶ https://t.co/esy5pLdOVQ,AnyPollApp,anxiety
412,neutral,RT @FreedomNetTech: Rodney Joffe Discusses the Rise of RDDoS\n\nhttps://t.co/olmTqDh5wc\n\n#ddos #attacks,sectest9,anxiety
413,neutral,RT @FreedomNetTech: Rodney Joffe Discusses the Rise of RDDoS\n\nhttps://t.co/olmTqDh5wc\n\n#ddos #attacks,CyberSecurityN8,anxiety
414,neutral,Rodney Joffe Discusses the Rise of RDDoS\n\nhttps://t.co/olmTqDh5wc\n\n#ddos #attacks,FreedomNetTech,anxiety
415,positive,"RT @The_PatrickD: What are you doing to block #Mobile #Attacks? Much of the world has gone mobile and much of the worlds #cyberattacks, aro‚Ä¶",The_PatrickD,anxiety
416,positive,Don‚Äôt wait for an attack to happen! Get to know more form the eForensics blog!\n\n#cybersecurity #attacks #opensource‚Ä¶ https://t.co/OyfgbYaJSc,eForensics_Mag,anxiety
417,negative,RT @JayneLinney: #Tory #Attacks on the #Poor: A Working Class Perspective\nvia @RD_HaIe @CEMEDlA \n\nhttps://t.co/ENbxHR3UiV,bengben,anxiety
418,positive,Only 8% of organizations with web applications for uploading files implement adequate cybersecurity protocols again‚Ä¶ https://t.co/lbiXJ2bdcH,_CLASSllc,anxiety
419,positive,#Cloudflare said its Project Galileo defense system intercepted and successfully countered an attack that peaked at‚Ä¶ https://t.co/XYYyDbQdsG,Intivix,anxiety
420,negative,RT @JayneLinney: #Tory #Attacks on the #Poor: A Working Class Perspective\nvia @RD_HaIe @CEMEDlA \n\nhttps://t.co/ENbxHR3UiV,Fowler555,anxiety
421,neutral,"RT @SecoursExpo: Two decades after the September 11 #attacks, this day will forever mark history.\n\nThrough this video you can discover the‚Ä¶",MotreffP,anxiety
422,negative,RT @ABBabsail: #US lawyer Lin #Wood  \n #MiddleEast not involve in 9/11 #attacks. \n Deep state and legislative #military carried out\n attack‚Ä¶,Jamal_Alfagih,anxiety
423,neutral,RT @aaitpro_inc: #cybersecurity #cybercrime #attacks #threats #cybersecurity #AAITPRO https://t.co/yn4vfHS8TE,cybersec_feeds,anxiety
424,negative,"RT @uoldigital: Does #CardiovascularDisease run in your family?\n\n#HeartAttacks, strokes and other cardiovascular diseases are common and ca‚Ä¶",gauer_s,anxiety
425,negative,Study found that women receive worse #medical treatment than men for #heartattacks.\n\n#Women were less likely to be‚Ä¶ https://t.co/gjT8ujq5Tu,HandleComplaint,anxiety
426,negative,Doctor ‚Äòbias‚Äô behind women getting worse treatment for heart attacks. Sadly this is still the experience for many A‚Ä¶ https://t.co/CuMKlHrloa,SCADResearchAus,anxiety
427,negative,"RT @uoldigital: Does #CardiovascularDisease run in your family?\n\n#HeartAttacks, strokes and other cardiovascular diseases are common and ca‚Ä¶",Helen_eBerry,anxiety
428,negative,"RT @uoldigital: Does #CardiovascularDisease run in your family?\n\n#HeartAttacks, strokes and other cardiovascular diseases are common and ca‚Ä¶",LauraSmith_CSET,anxiety
429,negative,"RT @uoldigital: Does #CardiovascularDisease run in your family?\n\n#HeartAttacks, strokes and other cardiovascular diseases are common and ca‚Ä¶",dmi_lincoln,anxiety
430,negative,"RT @uoldigital: Does #CardiovascularDisease run in your family?\n\n#HeartAttacks, strokes and other cardiovascular diseases are common and ca‚Ä¶",Doctorner,anxiety
431,neutral,"#vaccine #statistics, we kill two people to save one. This is #nonsensical. #VaccineDeaths #heartattacks four times‚Ä¶ https://t.co/JSUIvUBgiX",sherrywreports,anxiety
432,negative,"Does #CardiovascularDisease run in your family?\n\n#HeartAttacks, strokes and other cardiovascular diseases are commo‚Ä¶ https://t.co/g3kCORWhiQ",uoldigital,anxiety
433,negative,RT @anisaz9_basit: .@DocVatsa\nThis is crazy. 'Vaccinated blood' clotting in transfusion machine and causing it to shut down. #DangerousVacc‚Ä¶,kaliyugimanav,anxiety
434,negative,RT @anisaz9_basit: .@DocVatsa\nThis is crazy. 'Vaccinated blood' clotting in transfusion machine and causing it to shut down. #DangerousVacc‚Ä¶,anisaz9_basit,anxiety
435,negative,RT @anisaz9_basit: .@DocVatsa\nThis is crazy. 'Vaccinated blood' clotting in transfusion machine and causing it to shut down. #DangerousVacc‚Ä¶,vgmbhat,anxiety
436,negative,RT @anisaz9_basit: .@DocVatsa\nThis is crazy. 'Vaccinated blood' clotting in transfusion machine and causing it to shut down. #DangerousVacc‚Ä¶,shri_v,anxiety
437,positive,@DanielAndrewsMP Love the way government MPs now try to blame the people! It was your jobs to prevent pandemics! Do‚Ä¶ https://t.co/SjCZ9Qughs,drdoolittles,anxiety
438,negative,RT @anisaz9_basit: .@DocVatsa\nThis is crazy. 'Vaccinated blood' clotting in transfusion machine and causing it to shut down. #DangerousVacc‚Ä¶,sanjai2july,anxiety
439,negative,.@DocVatsa\nThis is crazy. 'Vaccinated blood' clotting in transfusion machine and causing it to shut down.‚Ä¶ https://t.co/aSQccv4GbH,anisaz9_basit,anxiety
440,negative,Why are you like this Auburn‚Ä¶every big game man‚Ä¶ #heartattacks,D1Soccer22,anxiety
441,neutral,Don't know how I'm going to survive this team. #HeartAttacks #WinBaderWin @Cardinals @aybaybader https://t.co/RjtD3vqTeU,SuziRoyalReads,anxiety
442,neutral,RT @anisaz9_basit: .@DocVatsa\nCovid cases 'Before and After' the vaccine.\nVaccines work?ü§®ü§î\n\n#DangerousVaccines #KillerVaccines #VaccineDeat‚Ä¶,kiranmartis9,anxiety
443,neutral,#HeartDisease #HeartAttacks #CardiopulmonaryResuscitation #Heart #Research https://t.co/u1ZWl6gJLU,RocheJacqueline,anxiety
444,neutral,.@DocVatsa\nCovid cases 'Before and After' the vaccine.\nVaccines work?ü§®ü§î\n\n#DangerousVaccines #KillerVaccines‚Ä¶ https://t.co/enREXZYmiB,anisaz9_basit,anxiety
445,positive,RT @JillMcLaggan: 5 mnths after 1st #SCAD #heartattacks &amp; 8 weeks after 2nd 'event' i climbed to top of that hill!\nFollow me to learn how #‚Ä¶,MitraBot,anxiety
446,positive,5 mnths after 1st #SCAD #heartattacks &amp; 8 weeks after 2nd 'event' i climbed to top of that hill!\nFollow me to learn‚Ä¶ https://t.co/QqQ1aKAPHP,JillMcLaggan,anxiety
447,positive,"RT @NHLBI_Translate: .#KnowFH: Persons with high-risk #cardiovascular conditions, including those with familial #hypercholesterolemia (#FH)‚Ä¶",SRaquel_PhD,anxiety
448,neutral,Covid-19 increases the coagulation of blood which means you may have clotting complications post Covid-19 even afte‚Ä¶ https://t.co/4HrQHVWPgw,EswarHospital,anxiety
449,neutral,RT @BonnieMHancock: @ChamorritaMaraj @NICKIMINAJ Keep asking questions! I have a family member who almost died!! #bloodclots #heartattacks‚Ä¶,LymeLadytrump,anxiety
450,positive,RT @SCADResearchAus: Join the 5k SCADaddle for Research Sun 17th of October at  New Farm parkrun &amp; help us beat #SCAD #HeartAttacks  @brisn‚Ä¶,MitraBot,anxiety
451,positive,Join the 5k SCADaddle for Research Sun 17th of October at  New Farm parkrun &amp; help us beat #SCAD #HeartAttacks‚Ä¶ https://t.co/x3WOVKWzLb,SCADResearchAus,anxiety
452,positive,RT @VictorChangInst: .@NSWCVRN's 'The HEART Pitch' presenter Dr Monique @M_Baxx wants us to say 'SCADaddle' to heart attacks in women. #Hea‚Ä¶,AnastasiaSMihai,anxiety
453,neutral,RT @SCADResearchAus: Join the 5k SCADaddle for Research Sun 17th of October at  Cornelian Bay Park &amp; help us beat #SCAD #HeartAttacks #wome‚Ä¶,MitraBot,anxiety
454,neutral,Join the 5k SCADaddle for Research Sun 17th of October at  Cornelian Bay Park &amp; help us beat #SCAD #HeartAttacks‚Ä¶ https://t.co/Md4qcGWp1E,SCADResearchAus,anxiety
455,neutral,RT @SCADResearchAus: Join the 5k SCADaddle for Research Sun 17th of October at  Mandurah Foreshore &amp; help us beat #SCAD #HeartAttacks  @twe‚Ä¶,MitraBot,anxiety
456,neutral,Join the 5k SCADaddle for Research Sun 17th of October at  Mandurah Foreshore &amp; help us beat #SCAD #HeartAttacks‚Ä¶ https://t.co/sGEIcP8geN,SCADResearchAus,anxiety
457,positive,RT @VictorChangInst: .@NSWCVRN's 'The HEART Pitch' presenter Dr Monique @M_Baxx wants us to say 'SCADaddle' to heart attacks in women. #Hea‚Ä¶,BotCardiology,anxiety
458,positive,RT @VictorChangInst: .@NSWCVRN's 'The HEART Pitch' presenter Dr Monique @M_Baxx wants us to say 'SCADaddle' to heart attacks in women. #Hea‚Ä¶,MitraBot,anxiety
459,positive,RT @VictorChangInst: .@NSWCVRN's 'The HEART Pitch' presenter Dr Monique @M_Baxx wants us to say 'SCADaddle' to heart attacks in women. #Hea‚Ä¶,jayaisales,anxiety
460,positive,RT @VictorChangInst: .@NSWCVRN's 'The HEART Pitch' presenter Dr Monique @M_Baxx wants us to say 'SCADaddle' to heart attacks in women. #Hea‚Ä¶,SCADResearchAus,anxiety
461,positive,RT @VictorChangInst: .@NSWCVRN's 'The HEART Pitch' presenter Dr Monique @M_Baxx wants us to say 'SCADaddle' to heart attacks in women. #Hea‚Ä¶,NSWCVRN,anxiety
462,positive,RT @VictorChangInst: .@NSWCVRN's 'The HEART Pitch' presenter Dr Monique @M_Baxx wants us to say 'SCADaddle' to heart attacks in women. #Hea‚Ä¶,B0tSci,anxiety
463,positive,.@NSWCVRN's 'The HEART Pitch' presenter Dr Monique @M_Baxx wants us to say 'SCADaddle' to heart attacks in women.‚Ä¶ https://t.co/CVNUFDGL3v,VictorChangInst,anxiety
464,positive,RT @DrAiLynTan: Reducing #smoking is not enough to reduce #strokes &amp; #heartattacks\n\n‚úÖStopping smoking completely reduces #cardiovascular ri‚Ä¶,Kineblasto,anxiety
465,positive,RT @DrAiLynTan: Reducing #smoking is not enough to reduce #strokes &amp; #heartattacks\n\n‚úÖStopping smoking completely reduces #cardiovascular ri‚Ä¶,DrAiLynTan,anxiety
466,negative,10 dangerous ingredients to look out for:\n\nLink of the article below\nhttps://t.co/apBE5B2OiO\n\nFood is your primary‚Ä¶ https://t.co/SsEWnvxEyr,gizmoathletic,anxiety
467,negative,"RT @HospitalsApollo: A majority of heart attacks begin slowly, with only minor pain or discomfort. People who are impacted usually don't re‚Ä¶",ravi2010mary,anxiety
468,negative,Here‚Äôs some advice from cardiologists regarding the truth and the myths of heart failure! How much do you know abou‚Ä¶ https://t.co/8Bc1vtsZsI,PTtraveljobs,anxiety
469,negative,"RT @HospitalsApollo: A majority of heart attacks begin slowly, with only minor pain or discomfort. People who are impacted usually don't re‚Ä¶",ddatta16,anxiety
470,negative,"A majority of heart attacks begin slowly, with only minor pain or discomfort. People who are impacted usually don't‚Ä¶ https://t.co/JCfpdPJ4Zl",HospitalsApollo,anxiety
471,positive,Do you know every 1 out of 5 Heart patients are younger than 40 years? ( Watch the video to know more)\n#fitsocial‚Ä¶ https://t.co/gE3UNSoyiZ,fitsocial_,anxiety
472,neutral,RT @IOL_Lifestyle: Adopt a simple and affordable lifestyle to prevent #heartattacks #hearthealth  https://t.co/qpEguNZLOv,lord_mla,anxiety
473,neutral,Adopt a simple and affordable lifestyle to prevent #heartattacks #hearthealth  https://t.co/qpEguNZLOv,IOL_Lifestyle,anxiety
474,neutral,RT @RiaanN2603: #diabetic üíâüíä\n#heartattacks üíî \n#2012 #2020 #stents ü©∫ #depression üß†\n #sucide üî™ \n#bipolar üí≠\n\n#diabetesawareness \n#hearthealtha‚Ä¶,annkathrinvoe,anxiety
475,neutral,@ChamorritaMaraj @NICKIMINAJ Keep asking questions! I have a family member who almost died!! #bloodclots‚Ä¶ https://t.co/cRrDmH2iYo,BonnieMHancock,anxiety
476,neutral,RT @RiaanN2603: #diabetic üíâüíä\n#heartattacks üíî \n#2012 #2020 #stents ü©∫ #depression üß†\n #sucide üî™ \n#bipolar üí≠\n\n#diabetesawareness \n#hearthealtha‚Ä¶,sabkabzaar,anxiety
477,neutral,RT @ArteryBlack: #diabetic üíâüíä\n#heartattacks üíî \n#2012 #2020 #stents ü©∫ #depression üß†\n #sucide üî™ \n#bipolar üí≠\n\n#diabetesawareness \n#hearthealth‚Ä¶,sabkabzaar,anxiety
478,neutral,RT @RiaanN2603: #diabetic üíâüíä\n#heartattacks üíî \n#2012 #2020 #stents ü©∫ #depression üß†\n #sucide üî™ \n#bipolar üí≠\n\n#diabetesawareness \n#hearthealtha‚Ä¶,BipolarClubDx,anxiety
479,neutral,RT @SCADResearchAus: Join the 5k SCADaddle for Research Sun 17th of October at  Mandurah Foreshore &amp; help us beat #SCAD #HeartAttacks  @hel‚Ä¶,MitraBot,anxiety
480,neutral,Join the 5k SCADaddle for Research Sun 17th of October at  Mandurah Foreshore &amp; help us beat #SCAD #HeartAttacks‚Ä¶ https://t.co/Vu8EbiwrL2,SCADResearchAus,anxiety
481,negative,"RT @SCADResearchAus: Want to walk to make a difference? Walk or run 5k with a friend, family member, or small group in your local area on t‚Ä¶",MitraBot,anxiety
482,negative,"Want to walk to make a difference? Walk or run 5k with a friend, family member, or small group in your local area o‚Ä¶ https://t.co/g5O11L91bw",SCADResearchAus,anxiety
483,positive,We are pleased to announce that we have been awarded several @American_Heart    / @American_Stroke awards recognizi‚Ä¶ https://t.co/O5xofAr8bY,FrederickHealth,anxiety
484,neutral,#diabetic üíâüíä\n#heartattacks üíî \n#2012 #2020 #stents ü©∫ #depression üß†\n #sucide üî™ \n#bipolar üí≠\n\n#diabetesawareness‚Ä¶ https://t.co/zIJXx4ig5D,RiaanN2603,anxiety
485,neutral,#diabetic üíâüíä\n#heartattacks üíî \n#2012 #2020 #stents ü©∫ #depression üß†\n #sucide üî™ \n#bipolar üí≠\n\n#diabetesawareness‚Ä¶ https://t.co/eCGS01Bi1o,ArteryBlack,anxiety
486,positive,RT @Ihw_tv: If you follow these five principles of healthy living you can stop heart attacks in the future. \n\n#HeartAttacks #heartproblems‚Ä¶,Aman71030224,anxiety
487,positive,RT @Ihw_tv: If you follow these five principles of healthy living you can stop heart attacks in the future. \n\n#HeartAttacks #heartproblems‚Ä¶,IHWCouncil,anxiety
488,positive,RT @Ihw_tv: If you follow these five principles of healthy living you can stop heart attacks in the future. \n\n#HeartAttacks #heartproblems‚Ä¶,saurabh_omer,anxiety
489,positive,@nickchodgson @micfuckabee @rcpsych @BBCBreakfast There aren't any they like to kepnthise for special cases apparen‚Ä¶ https://t.co/O36uU0rpfb,drdoolittles,anxiety
490,positive,"We want to help keep first aid and #lifesaving skills at the top of your mind, so we have created an eight-part min‚Ä¶ https://t.co/Adn1hoh3EQ",PaladinSecurity,anxiety
491,positive,"Did you know that within the last thirty days, adult #cannabis users (under 45) had double the number of‚Ä¶ https://t.co/OaMlxQWsjx",CalNcpc,anxiety
492,positive,#Troponin is a protein that is found in minute quantities in a #healthy person. This #protein helps in contractions‚Ä¶ https://t.co/dNqnm1r5J8,dxsaver,anxiety
493,positive,Research by the American Heart Association found that people with #HIV are more likely to experience #heartattacks‚Ä¶ https://t.co/WjcT5ENbIr,OpenAccessGov,anxiety
494,positive,RT @ndtv: #FYI | What causes #heartattacks in young adults? Know the warning signs \n\nNDTV's Sonal Mehrotra Kapoor explains https://t.co/2p0‚Ä¶,PradhyumnaShuk2,anxiety
495,neutral,What's even more scary is number of #Blackbox #antidepressants &amp; antipsychotics used  without any tests or #mri sca‚Ä¶ https://t.co/cimcTfNBuX,drdoolittles,anxiety
496,positive,If you follow these five principles of healthy living you can stop heart attacks in the future. \n\n#HeartAttacks‚Ä¶ https://t.co/prumku9woY,Ihw_tv,anxiety
497,positive,Join our Facebook #LiveChat Session on Why are #HeartAttacks on the rise in young people?  by Dr. Ashish Agarwal\nDa‚Ä¶ https://t.co/Xh4VKwGnwA,AakashHSSH,anxiety
498,positive,RT @SCADResearchAus: Join the 5k SCADaddle for Research Sun 17th of October at  New Farm parkrun &amp; help us beat #SCAD #HeartAttacks  @whats‚Ä¶,MitraBot,anxiety
499,positive,Join the 5k SCADaddle for Research Sun 17th of October at  New Farm parkrun &amp; help us beat #SCAD #HeartAttacks‚Ä¶ https://t.co/QbBVu96n46,SCADResearchAus,anxiety
500,neutral,RT @SCADResearchAus: Join the 5k SCADaddle for Research Sun 17th of October at  Cornelian Bay Park &amp; help us beat #SCAD #HeartAttacks  @7ho‚Ä¶,MitraBot,anxiety
